年份,车手,配方,Stint,残差_s
2022,ALB,C4,4,7.208859649122829
2022,ALB,C4,4,2.665895768833863
2022,ALB,C4,4,-1.0370681114550848
2022,ALB,C4,4,-1.156031991744058
2022,ALB,C4,4,-1.6909958720329996
2022,ALB,C4,4,-2.2339597523219794
2022,ALB,C4,4,-2.265923632610935
2022,ALB,C4,4,-2.181887512899891
2022,ALB,C4,4,-2.0668513931888555
2022,ALB,C4,4,-1.8498152734778301
2022,ALB,C4,4,-1.2907791537667777
2022,ALB,C4,4,-0.4987430340557495
2022,ALB,C4,4,-0.2037069143446928
2022,ALB,C4,4,0.6193292053663413
2022,ALB,C4,4,0.6613653250773694
2022,ALB,C4,4,1.1634014447884198
2022,ALB,C4,4,1.728437564499444
2022,ALB,C4,4,2.4284736842104877
2022,ALO,C4,3,30.184169340463484
2022,ALO,C4,3,-0.7925552584669902
2022,ALO,C4,3,-2.354279857397472
2022,ALO,C4,3,-2.1540044563279537
2022,ALO,C4,3,-2.299729055258439
2022,ALO,C4,3,-2.4604536541889246
2022,ALO,C4,3,-2.4141782531194025
2022,ALO,C4,3,-3.1879028520498878
2022,ALO,C4,3,-3.464627450980359
2022,ALO,C4,3,-2.8183520499108425
2022,ALO,C4,3,-2.4060766488413208
2022,ALO,C4,3,-2.3748012477717992
2022,ALO,C4,3,-2.4155258467022946
2022,ALO,C4,3,-2.3962504456327736
2022,ALO,C4,3,-2.365975044563257
2022,ALO,C4,3,-2.2486996434937367
2022,ALO,C4,3,-1.7804242424242176
2022,ALO,C4,3,-2.5151488413547014
2022,ALO,C4,3,-3.8288734402851787
2022,ALO,C4,3,-0.7305980392156641
2022,ALO,C4,3,-0.2063226381461476
2022,ALO,C4,3,0.23895276292337542
2022,ALO,C4,3,-1.1907718360071016
2022,ALO,C4,3,-0.6554964349375894
2022,ALO,C4,3,0.16577896613193843
2022,ALO,C4,3,1.5050543672014527
2022,ALO,C4,3,1.5893297682709715
2022,ALO,C4,3,-0.6503948306595078
2022,ALO,C4,3,1.5238805704100145
2022,ALO,C4,3,1.7961559714795214
2022,ALO,C4,3,1.9174313725490464
2022,ALO,C4,3,3.99970677361857
2022,ALO,C4,3,4.790982174688082
2022,BOT,C3,2,5.746799999999965
2022,BOT,C3,2,0.009799999999984266
2022,BOT,C3,2,-5.8172
2022,BOT,C3,2,-11.382199999999983
2022,BOT,C3,2,11.442800000000034
2022,BOT,C3,3,27.95432442067738
2022,BOT,C3,3,-0.41398373440283365
2022,BOT,C3,3,-2.187291889483049
2022,BOT,C3,3,-2.435600044563259
2022,BOT,C3,3,-2.246908199643471
2022,BOT,C3,3,-2.1792163547236783
2022,BOT,C3,3,-2.616524509803895
2022,BOT,C3,3,-2.6368326648841105
2022,BOT,C3,3,-3.302140819964322
2022,BOT,C3,3,-2.89144897504454
2022,BOT,C3,3,-2.3767571301247443
2022,BOT,C3,3,-2.535065285204965
2022,BOT,C3,3,-2.1733734402851894
2022,BOT,C3,3,-1.8926815953653886
2022,BOT,C3,3,-2.260989750445603
2022,BOT,C3,3,-2.32629790552582
2022,BOT,C3,3,-1.9796060606060308
2022,BOT,C3,3,-1.4629142156862542
2022,BOT,C3,3,-1.0352223707664479
2022,BOT,C3,3,-1.2935305258466627
2022,BOT,C3,3,-1.0838386809268883
2022,BOT,C3,3,-0.8781468360071045
2022,BOT,C3,3,-0.7214549910872989
2022,BOT,C3,3,-0.0147631461675104
2022,BOT,C3,3,0.29492869875227257
2022,BOT,C3,3,0.19162054367204462
2022,BOT,C3,3,0.9943123885918368
2022,BOT,C3,3,1.4550042335116302
2022,BOT,C3,3,1.3416960784314114
2022,BOT,C3,3,1.8173879233512054
2022,BOT,C3,3,2.688079768270981
2022,BOT,C3,3,3.004771613190769
2022,BOT,C3,3,3.2024634581105715
2022,GAS,C3,4,26.35783065953656
2022,GAS,C3,4,-0.27892201426021757
2022,GAS,C3,4,-2.2516746880570224
2022,GAS,C3,4,-2.2424273618537995
2022,GAS,C3,4,-1.9381800356506034
2022,GAS,C3,4,-2.3789327094473833
2022,GAS,C3,4,-2.01068538324418
2022,GAS,C3,4,-2.8074380570409687
2022,GAS,C3,4,-2.8721907308377723
2022,GAS,C3,4,-2.579943404634548
2022,GAS,C3,4,-2.5646960784313393
2022,GAS,C3,4,-2.66244875222813
2022,GAS,C3,4,-2.471201426024919
2022,GAS,C3,4,-1.4159540998217182
2022,GAS,C3,4,-1.6087067736184935
2022,GAS,C3,4,-1.6584594474152965
2022,GAS,C3,4,-2.3222121212120754
2022,GAS,C3,4,-1.6969647950088813
2022,GAS,C3,4,-1.11571746880567
2022,GAS,C3,4,-1.2744701426024534
2022,GAS,C3,4,-0.7832228163992454
2022,GAS,C3,4,-0.9869754901960306
2022,GAS,C3,4,-0.31972816399282067
2022,GAS,C3,4,-0.5044808377896146
2022,GAS,C3,4,0.18476648841358667
2022,GAS,C3,4,0.6430138146168076
2022,GAS,C3,4,1.0702611408200084
2022,GAS,C3,4,1.2765084670232199
2022,GAS,C3,4,1.2247557932264215
2022,GAS,C3,4,1.319003119429638
2022,GAS,C3,4,2.42925044563286
2022,GAS,C3,4,3.1174977718360566
2022,GAS,C3,4,3.1227450980392746
2022,HAM,C4,4,28.475017825311966
2022,HAM,C4,4,-1.099547682709428
2022,HAM,C4,4,-2.2011131907308084
2022,HAM,C4,4,-1.771678698752197
2022,HAM,C4,4,-2.0672442067735943
2022,HAM,C4,4,-2.303809714794994
2022,HAM,C4,4,-2.548375222816375
2022,HAM,C4,4,-3.2419407308377686
2022,HAM,C4,4,-3.1155062388591546
2022,HAM,C4,4,-2.339071746880535
2022,HAM,C4,4,-2.2486372549019364
2022,HAM,C4,4,-2.5382027629233335
2022,HAM,C4,4,-2.1877682709447157
2022,HAM,C4,4,-2.426333778966111
2022,HAM,C4,4,-2.440899286987488
2022,HAM,C4,4,-2.2254647950088753
2022,HAM,C4,4,-1.7180303030302753
2022,HAM,C4,4,-1.623595811051672
2022,HAM,C4,4,-2.564161319073065
2022,HAM,C4,4,-2.242726827094444
2022,HAM,C4,4,-0.6382923351158354
2022,HAM,C4,4,-0.2638578431372167
2022,HAM,C4,4,0.011576648841383985
2022,HAM,C4,4,0.2840111408199846
2022,HAM,C4,4,0.2954456327986037
2022,HAM,C4,4,0.278880124777217
2022,HAM,C4,4,0.87831461675583
2022,HAM,C4,4,1.1637491087344358
2022,HAM,C4,4,1.6571836007130543
2022,HAM,C4,4,1.9616180926916655
2022,HAM,C4,4,2.4760525846702564
2022,HAM,C4,4,2.573487076648874
2022,HAM,C4,4,3.75092156862749
2022,LAT,C3,3,2.561450980392152
2022,LAT,C3,3,-0.30726715686274986
2022,LAT,C3,3,-0.7319852941176492
2022,LAT,C3,3,-0.30470343137255895
2022,LAT,C3,3,-1.5364215686274605
2022,LAT,C3,3,-1.4931397058823705
2022,LAT,C3,3,6.722142156862731
2022,LAT,C3,3,-0.1655759803921768
2022,LAT,C3,3,-1.5412941176470838
2022,LAT,C3,3,-1.7390122549019793
2022,LAT,C3,3,-2.034730392156874
2022,LAT,C3,3,-2.1854485294117865
2022,LAT,C3,3,-1.8551666666666904
2022,LAT,C3,3,-1.0948848039215875
2022,LAT,C3,3,-0.3036029411764929
2022,LAT,C3,3,5.916678921568604
2022,LAT,C3,3,0.09296078431368926
2022,LAT,C4,4,7.539699699699739
2022,LAT,C4,4,1.9832771771772002
2022,LAT,C4,4,12.28485465465468
2022,LAT,C4,4,6.635432132132166
2022,LAT,C4,4,-0.8079903903903585
2022,LAT,C4,4,-1.0754129129128955
2022,LAT,C4,4,-1.4668354354354136
2022,LAT,C4,4,-2.7652579579579424
2022,LAT,C4,4,-3.8116804804804616
2022,LAT,C4,4,-2.9971030030029766
2022,LAT,C4,4,-3.134525525525504
2022,LAT,C4,4,-2.7949480480480418
2022,LAT,C4,4,-2.6603705705705636
2022,LAT,C4,4,-2.8487930930930787
2022,LAT,C4,4,-3.1402156156156025
2022,LAT,C4,4,-3.6036381381381375
2022,LAT,C4,4,-3.0900606606606544
2022,LAT,C4,4,-2.5464831831831845
2022,LAT,C4,4,-1.3259057057056935
2022,LAT,C4,4,-2.1073282282282264
2022,LAT,C4,4,-1.274750750750755
2022,LAT,C4,4,1.0448267267267255
2022,LAT,C4,4,-1.5865957957958017
2022,LAT,C4,4,-1.4310183183183227
2022,LAT,C4,4,-1.2334408408408422
2022,LAT,C4,4,-0.5478633633633763
2022,LAT,C4,4,-0.410285885885898
2022,LAT,C4,4,0.22929159159158985
2022,LAT,C4,4,0.7038690690690572
2022,LAT,C4,4,0.5574465465465295
2022,LAT,C4,4,0.9620240240240037
2022,LAT,C4,4,0.7866015015014796
2022,LAT,C4,4,2.876178978978956
2022,LAT,C4,4,6.697756456456432
2022,LAT,C4,4,2.1313339339339166
2022,LAT,C4,4,2.227911411411384
2022,LEC,C3,4,37.130028409090926
2022,LEC,C3,4,0.027883431085044208
2022,LEC,C3,4,-1.35126154692081
2022,LEC,C3,4,-3.6334065249266843
2022,LEC,C3,4,-3.0765515029325314
2022,LEC,C3,4,-3.4346964809384133
2022,LEC,C3,4,-4.3778414589442605
2022,LEC,C3,4,-4.665986436950135
2022,LEC,C3,4,-3.924131414955994
2022,LEC,C3,4,-4.235276392961865
2022,LEC,C3,4,-3.834421370967732
2022,LEC,C3,4,-3.5405663489735986
2022,LEC,C3,4,-3.352711326979474
2022,LEC,C3,4,-3.5178563049853295
2022,LEC,C3,4,-3.4730012829912056
2022,LEC,C3,4,-2.9551462609970542
2022,LEC,C3,4,-2.27629123900293
2022,LEC,C3,4,-2.4084362170087843
2022,LEC,C3,4,-1.1005811950146551
2022,LEC,C3,4,-1.5747261730205224
2022,LEC,C3,4,-1.2618711510263836
2022,LEC,C3,4,-0.6630161290322434
2022,LEC,C3,4,0.1858388929618826
2022,LEC,C3,4,0.6916939149560051
2022,LEC,C3,4,1.6485489369501494
2022,LEC,C3,4,2.2534039589442756
2022,LEC,C3,4,2.6002589809384205
2022,LEC,C3,4,2.5291140029325447
2022,LEC,C3,4,2.9579690249266832
2022,LEC,C3,4,2.939824046920819
2022,LEC,C3,4,2.404679068914959
2022,LEC,C3,4,3.2885340909090814
2022,MSC,C3,3,-2.597600000000014
2022,MSC,C3,3,-0.3901000000000039
2022,MSC,C3,3,5.037400000000005
2022,MSC,C3,3,1.485900000000015
2022,MSC,C3,3,-3.535599999999974
2022,NOR,C3,4,29.93322105263161
2022,NOR,C3,4,-3.317049122806992
2022,NOR,C3,4,-4.056319298245583
2022,NOR,C3,4,-4.782589473684183
2022,NOR,C3,4,-5.177859649122766
2022,NOR,C3,4,-5.574129824561368
2022,NOR,C3,4,-5.810399999999973
2022,NOR,C3,4,-4.079670175438565
2022,NOR,C3,4,-4.2139403508771665
2022,NOR,C3,4,-2.2642105263157646
2022,NOR,C3,4,-2.4304807017543624
2022,NOR,C3,4,-2.1497508771929574
2022,NOR,C3,4,-1.0380210526315636
2022,NOR,C3,4,-0.4372912280701513
2022,NOR,C3,4,0.9274385964912426
2022,NOR,C3,4,1.7661684210526545
2022,NOR,C3,4,2.7348982456140476
2022,NOR,C3,4,4.732628070175451
2022,NOR,C3,4,5.23735789473686
2022,NOR,C4,5,2.012833333333333
2022,NOR,C4,5,0.5246515151515183
2022,NOR,C4,5,-1.6465303030303033
2022,NOR,C4,5,-0.17171212121211
2022,NOR,C4,5,-0.7158939393939363
2022,NOR,C4,5,0.09792424242425568
2022,NOR,C4,5,-1.0482575757575603
2022,NOR,C4,5,0.05056060606061408
2022,NOR,C4,5,-0.36062121212120246
2022,NOR,C4,5,-0.18080303030301081
2022,NOR,C4,5,-0.2889848484848301
2022,NOR,C4,5,1.72683333333336
2022,OCO,C4,3,28.464181818181828
2022,OCO,C4,3,-0.3392499999999785
2022,OCO,C4,3,-2.2766818181817996
2022,OCO,C4,3,-2.118113636363617
2022,OCO,C4,3,-2.0995454545454493
2022,OCO,C4,3,-2.344977272727263
2022,OCO,C4,3,-2.6794090909090755
2022,OCO,C4,3,-3.0798409090908905
2022,OCO,C4,3,-3.3482727272727004
2022,OCO,C4,3,-2.7317045454545195
2022,OCO,C4,3,-2.4731363636363426
2022,OCO,C4,3,-2.5885681818181467
2022,OCO,C4,3,-1.9219999999999828
2022,OCO,C4,3,-2.1354318181818
2022,OCO,C4,3,-2.299863636363611
2022,OCO,C4,3,-2.3372954545454263
2022,OCO,C4,3,-1.84072727272725
2022,OCO,C4,3,-1.6271590909090605
2022,OCO,C4,3,-2.164590909090876
2022,OCO,C4,3,-1.8090227272727049
2022,OCO,C4,3,-1.2504545454545166
2022,OCO,C4,3,-0.6728863636363371
2022,OCO,C4,3,-0.2463181818181539
2022,OCO,C4,3,0.17625000000003865
2022,OCO,C4,3,0.46581818181822143
2022,OCO,C4,3,0.526386363636405
2022,OCO,C4,3,1.010954545454581
2022,OCO,C4,3,1.3745227272727618
2022,OCO,C4,3,1.6870909090909407
2022,OCO,C4,3,2.1586590909091257
2022,OCO,C4,3,2.4412272727273177
2022,OCO,C4,3,2.7607954545455016
2022,OCO,C4,3,3.3193636363636756
2022,PER,C4,4,40.05174688057045
2022,PER,C4,4,0.2351339126560248
2022,PER,C4,4,-2.249479055258419
2022,PER,C4,4,-2.872092023172854
2022,PER,C4,4,-3.3927049910872995
2022,PER,C4,4,-3.8193179590017365
2022,PER,C4,4,-4.831930926916172
2022,PER,C4,4,-4.516543894830605
2022,PER,C4,4,-4.933156862745051
2022,PER,C4,4,-4.7187698306594825
2022,PER,C4,4,-4.639382798573919
2022,PER,C4,4,-4.1669957664883555
2022,PER,C4,4,-3.662608734402795
2022,PER,C4,4,-3.366221702317233
2022,PER,C4,4,-3.857834670231668
2022,PER,C4,4,-2.950447638146102
2022,PER,C4,4,-3.1520606060605445
2022,PER,C4,4,-2.5236735739749747
2022,PER,C4,4,-0.950286541889426
2022,PER,C4,4,-0.8408995098038474
2022,PER,C4,4,-0.33751247771829185
2022,PER,C4,4,0.08487455436727487
2022,PER,C4,4,0.346261586452826
2022,PER,C4,4,0.8856486185383972
2022,PER,C4,4,1.5460356506239492
2022,PER,C4,4,1.7744226827095275
2022,PER,C4,4,2.611809714795072
2022,PER,C4,4,2.1781967468806442
2022,PER,C4,4,2.6385837789662077
2022,PER,C4,4,2.5499708110517787
2022,PER,C4,4,2.165357843137329
2022,PER,C4,4,2.121744875222902
2022,PER,C4,4,2.592131907308456
2022,RIC,C3,2,0.7883999999999673
2022,RIC,C3,2,0.02019999999998845
2022,RIC,C3,2,-1.1060000000000088
2022,RIC,C3,2,-1.002200000000002
2022,RIC,C3,2,1.2996000000000123
2022,RIC,C3,3,25.787620320855652
2022,RIC,C3,3,-0.46592413101602403
2022,RIC,C3,3,-2.318468582887661
2022,RIC,C3,3,-2.3090130347593316
2022,RIC,C3,3,-2.09255748663098
2022,RIC,C3,3,-2.183101938502645
2022,RIC,C3,3,-1.99564639037429
2022,RIC,C3,3,-2.7021908422459546
2022,RIC,C3,3,-2.9177352941176053
2022,RIC,C3,3,-2.5102797459892656
2022,RIC,C3,3,-2.646824197860937
2022,RIC,C3,3,-2.7443686497325785
2022,RIC,C3,3,-2.12291310160424
2022,RIC,C3,3,-1.7294575534758962
2022,RIC,C3,3,-1.6020020053475577
2022,RIC,C3,3,-1.0185464572192018
2022,RIC,C3,3,-1.4030909090908636
2022,RIC,C3,3,-0.9946353609625191
2022,RIC,C3,3,-1.5431798128341825
2022,RIC,C3,3,-1.337724264705841
2022,RIC,C3,3,-0.41826871657748654
2022,RIC,C3,3,-0.8268131684491635
2022,RIC,C3,3,-0.5013576203208032
2022,RIC,C3,3,-0.4899020721924643
2022,RIC,C3,3,-0.1504465240641224
2022,RIC,C3,3,0.3350090240642203
2022,RIC,C3,3,0.6774645721925623
2022,RIC,C3,3,0.7189201203209024
2022,RIC,C3,3,1.5653756684492492
2022,RIC,C3,3,2.1608312165775914
2022,RIC,C3,3,1.7452867647059236
2022,RIC,C3,3,2.6907423128342742
2022,RIC,C3,3,3.3431978609626185
2022,RUS,C4,3,35.96790374331552
2022,RUS,C4,3,1.1030972593583073
2022,RUS,C4,3,-1.4287092245989186
2022,RUS,C4,3,-3.3275157085561347
2022,RUS,C4,3,-3.128322192513366
2022,RUS,C4,3,-3.4071286764705775
2022,RUS,C4,3,-3.9739351604278
2022,RUS,C4,3,-4.3987416443850265
2022,RUS,C4,3,-4.445548128342239
2022,RUS,C4,3,-4.365354612299441
2022,RUS,C4,3,-4.153161096256667
2022,RUS,C4,3,-3.6899675802138887
2022,RUS,C4,3,-3.4657740641711
2022,RUS,C4,3,-3.2045805481283196
2022,RUS,C4,3,-2.974387032085545
2022,RUS,C4,3,-2.756193516042771
2022,RUS,C4,3,-2.063999999999993
2022,RUS,C4,3,-1.9878064839572005
2022,RUS,C4,3,-1.3236129679144284
2022,RUS,C4,3,-1.3574194518716496
2022,RUS,C4,3,-0.6012259358288645
2022,RUS,C4,3,-0.6980324197860881
2022,RUS,C4,3,0.230161096256694
2022,RUS,C4,3,0.35535461229947884
2022,RUS,C4,3,0.5515481283422474
2022,RUS,C4,3,1.823741644385052
2022,RUS,C4,3,1.8769351604278341
2022,RUS,C4,3,2.052128676470602
2022,RUS,C4,3,2.51432219251339
2022,RUS,C4,3,2.212515708556168
2022,RUS,C4,3,2.00370922459895
2022,RUS,C4,3,2.626902740641725
2022,RUS,C4,3,3.4330962566845074
2022,SAI,C3,3,39.369823529411775
2022,SAI,C3,3,0.5636186497326321
2022,SAI,C3,3,-2.170586229946508
2022,SAI,C3,3,-2.862791109625661
2022,SAI,C3,3,-3.482995989304797
2022,SAI,C3,3,-4.039200868983926
2022,SAI,C3,3,-4.548405748663072
2022,SAI,C3,3,-4.5656106283422275
2022,SAI,C3,3,-4.682815508021363
2022,SAI,C3,3,-4.583020387700515
2022,SAI,C3,3,-4.146225267379663
2022,SAI,C3,3,-3.9534301470588105
2022,SAI,C3,3,-3.7796350267379495
2022,SAI,C3,3,-3.3148399064170775
2022,SAI,C3,3,-3.4220447860962224
2022,SAI,C3,3,-3.2102496657753647
2022,SAI,C3,3,-1.9364545454545237
2022,SAI,C3,3,-2.4796594251336614
2022,SAI,C3,3,-1.9958643048128124
2022,SAI,C3,3,-1.3630691844919482
2022,SAI,C3,3,-0.8372740641710976
2022,SAI,C3,3,-0.49747894385023983
2022,SAI,C3,3,0.1293161764706241
2022,SAI,C3,3,0.8911112967914789
2022,SAI,C3,3,1.5989064171123317
2022,SAI,C3,3,1.6407015374331877
2022,SAI,C3,3,2.5884966577540496
2022,SAI,C3,3,2.334291778074899
2022,SAI,C3,3,2.4410868983957528
2022,SAI,C3,3,2.8458820187166083
2022,SAI,C3,3,2.2416771390374777
2022,SAI,C3,3,2.3774722593583277
2022,SAI,C3,3,2.8492673796791905
2022,TSU,C4,4,-0.25379384615384026
2022,TSU,C4,4,11.97528230769231
2022,TSU,C4,4,-0.1386415384615418
2022,TSU,C4,4,-1.5415653846153816
2022,TSU,C4,4,-1.3924892307692147
2022,TSU,C4,4,-1.1284130769230813
2022,TSU,C4,4,-1.4143369230769167
2022,TSU,C4,4,-1.1582607692307647
2022,TSU,C4,4,-1.9771846153846155
2022,TSU,C4,4,-1.8901084615384605
2022,TSU,C4,4,-1.9810323076923027
2022,TSU,C4,4,-1.7199561538461552
2022,TSU,C4,4,-1.6638799999999918
2022,TSU,C4,4,-1.0648038461538505
2022,TSU,C4,4,-1.3037276923076888
2022,TSU,C4,4,-0.7116515384615241
2022,TSU,C4,4,-0.07757538461538616
2022,TSU,C4,4,0.0835007692307812
2022,TSU,C4,4,3.1165769230769342
2022,TSU,C4,4,0.04165307692308318
2022,TSU,C4,4,-0.31927076923075504
2022,TSU,C4,4,0.5068053846154044
2022,TSU,C4,4,0.7458815384615463
2022,TSU,C4,4,1.1159576923077026
2022,TSU,C4,4,2.151033846153865
2022,TSU,C5,5,-5.005380952380946
2022,TSU,C5,5,9.463904761904757
2022,TSU,C5,5,-2.9228095238095193
2022,TSU,C5,5,-2.488523809523798
2022,TSU,C5,5,0.9167619047619127
2022,TSU,C5,5,0.036047619047636204
2022,VER,C4,4,38.75540340909093
2022,VER,C4,4,0.14755278592377863
2022,VER,C4,4,-2.004297837243385
2022,VER,C4,4,-3.0411484604105397
2022,VER,C4,4,-3.5909990835776853
2022,VER,C4,4,-3.8458497067448434
2022,VER,C4,4,-4.5027003299120025
2022,VER,C4,4,-4.718550953079159
2022,VER,C4,4,-4.937401576246302
2022,VER,C4,4,-4.925252199413478
2022,VER,C4,4,-3.954102822580623
2022,VER,C4,4,-3.2079534457477763
2022,VER,C4,4,-3.2598040689149315
2022,VER,C4,4,-3.3086546920821007
2022,VER,C4,4,-3.029505315249253
2022,VER,C4,4,-3.4533559384163937
2022,VER,C4,4,-3.028206561583559
2022,VER,C4,4,-2.0350571847507126
2022,VER,C4,4,-1.8269078079178769
2022,VER,C4,4,-0.8737584310850224
2022,VER,C4,4,-0.853609054252189
2022,VER,C4,4,-0.1444596774193343
2022,VER,C4,4,0.16168969941350042
2022,VER,C4,4,0.9788390762463592
2022,VER,C4,4,1.7649884530791837
2022,VER,C4,4,2.466137829912043
2022,VER,C4,4,2.613287206744886
2022,VER,C4,4,2.550436583577735
2022,VER,C4,4,3.0665859604105634
2022,VER,C4,4,2.5677353372434197
2022,VER,C4,4,2.4948847140762638
2022,VER,C4,4,2.9740340909091003
2022,VET,C3,4,26.708532976827115
2022,VET,C3,4,-0.25978253119427563
2022,VET,C3,4,-2.1730980392156596
2022,VET,C3,4,-1.9284135472370423
2022,VET,C3,4,-2.1417290552584376
2022,VET,C3,4,-2.115044563279824
2022,VET,C3,4,-2.3743600713012114
2022,VET,C3,4,-2.617675579322608
2022,VET,C3,4,-2.8729910873440048
2022,VET,C3,4,-2.8643065953653775
2022,VET,C3,4,-2.4476221033867773
2022,VET,C3,4,-3.0389376114081728
2022,VET,C3,4,-2.1182531194295535
2022,VET,C3,4,-1.617568627450936
2022,VET,C3,4,-1.9158841354723393
2022,VET,C3,4,-1.9571996434937091
2022,VET,C3,4,-2.388515151515108
2022,VET,C3,4,-1.6508306595364957
2022,VET,C3,4,-1.0611461675578795
2022,VET,C3,4,-1.4894616755792782
2022,VET,C3,4,-1.254777183600666
2022,VET,C3,4,-0.4860926916220478
2022,VET,C3,4,-0.8164081996434334
2022,VET,C3,4,-0.005723707664827771
2022,VET,C3,4,0.5879607843137933
2022,VET,C3,4,0.45164527629239615
2022,VET,C3,4,0.7653297682710019
2022,VET,C3,4,1.1290142602496047
2022,VET,C3,4,1.7036987522282203
2022,VET,C3,4,1.6133832442068297
2022,VET,C3,4,2.7270677361854467
2022,VET,C3,4,2.7067522281640635
2022,VET,C3,4,3.2024367201426713
2022,ZHO,C3,2,-2.050200000000004
2022,ZHO,C3,2,2.957400000000007
2022,ZHO,C3,2,-1.47499999999998
2022,ZHO,C3,2,2.2786000000000257
2022,ZHO,C3,2,-1.7107999999999777
2022,ZHO,C4,3,5.759513368983974
2022,ZHO,C4,3,6.949310828877017
2022,ZHO,C4,3,-0.6368917112299357
2022,ZHO,C4,3,-0.42109425133686784
2022,ZHO,C4,3,-0.6162967914438298
2022,ZHO,C4,3,-0.3614993315507746
2022,ZHO,C4,3,-0.5027018716577345
2022,ZHO,C4,3,-0.6519044117646899
2022,ZHO,C4,3,-1.4581069518716276
2022,ZHO,C4,3,-1.4133094919785805
2022,ZHO,C4,3,-2.0905120320855275
2022,ZHO,C4,3,-0.9157145721924849
2022,ZHO,C4,3,-2.7979171122994444
2022,ZHO,C4,3,-1.5461196524063894
2022,ZHO,C4,3,-1.2903221925133295
2022,ZHO,C4,3,-1.7125247326202953
2022,ZHO,C4,3,-1.1927272727272396
2022,ZHO,C4,3,-1.1029298128341907
2022,ZHO,C4,3,3.6708676470588557
2022,ZHO,C4,3,-1.4383348930480935
2022,ZHO,C4,3,-1.9465374331550436
2022,ZHO,C4,3,-1.939739973261993
2022,ZHO,C4,3,-0.8899425133689505
2022,ZHO,C4,3,-0.7631450534759097
2022,ZHO,C4,3,-0.3673475935828492
2022,ZHO,C4,3,0.2674498663102014
2022,ZHO,C4,3,-0.1847526737967513
2022,ZHO,C4,3,0.14604478609629723
2022,ZHO,C4,3,2.958842245989345
2022,ZHO,C4,3,1.4376397058823898
2022,ZHO,C4,3,3.0524371657754443
2022,ZHO,C4,3,0.9542346256684908
2022,ZHO,C4,3,1.0440320855615397
2023,ALB,C4,1,1.1310583333333426
2023,ALB,C4,1,0.8450404761904906
2023,ALB,C4,1,0.4060226190476186
2023,ALB,C4,1,0.08500476190477002
2023,ALB,C4,1,-0.7290130952380878
2023,ALB,C4,1,-0.8510309523809383
2023,ALB,C4,1,-1.122048809523804
2023,ALB,C4,1,-0.6370666666666551
2023,ALB,C4,1,-0.6040845238095329
2023,ALB,C4,1,-0.6761023809523721
2023,ALB,C4,1,-0.08112023809522384
2023,ALB,C4,1,0.2808619047619061
2023,ALB,C4,1,0.9018440476190506
2023,ALB,C4,1,0.4408261904761872
2023,ALB,C4,1,0.6098083333333335
2023,ALB,C3,2,1.4067500000000308
2023,ALB,C3,2,-0.058864919354803646
2023,ALB,C3,2,-0.21147983870963571
2023,ALB,C3,2,-0.3790947580644968
2023,ALB,C3,2,-0.8977096774193285
2023,ALB,C3,2,-0.903324596774155
2023,ALB,C3,2,-0.8609395161289939
2023,ALB,C3,2,-0.5895544354838336
2023,ALB,C3,2,0.45183064516132276
2023,ALB,C3,2,0.7492157258064793
2023,ALB,C3,2,1.127600806451639
2023,ALB,C3,2,0.6959858870968105
2023,ALB,C3,2,1.0063709677419581
2023,ALB,C3,2,2.849756048387121
2023,ALB,C3,2,1.8951411290322824
2023,ALB,C3,2,-0.3434737903225482
2023,ALB,C3,2,-0.28508870967738176
2023,ALB,C3,2,-0.07270362903223315
2023,ALB,C3,2,-0.7093185483870741
2023,ALB,C3,2,-0.6949334677419046
2023,ALB,C3,2,-1.1195483870967422
2023,ALB,C3,2,-0.8971633064515885
2023,ALB,C3,2,-0.9187782258064203
2023,ALB,C3,2,-1.4893931451612588
2023,ALB,C3,2,-1.3350080645161029
2023,ALB,C3,2,-1.399622983870941
2023,ALB,C3,2,-1.455237903225779
2023,ALB,C3,2,-1.9538528225806147
2023,ALB,C3,2,-1.7264677419354513
2023,ALB,C3,2,-0.1380826612902979
2023,ALB,C3,2,-0.6956975806451311
2023,ALB,C3,2,8.952687500000025
2023,ALO,C3,1,2.5023122171945715
2023,ALO,C3,1,1.9351444343891444
2023,ALO,C3,1,1.5639766515837152
2023,ALO,C3,1,0.6928088687782719
2023,ALO,C3,1,0.6716410859728512
2023,ALO,C3,1,0.19047330316742261
2023,ALO,C3,1,0.04230552036200663
2023,ALO,C3,1,0.40013773755657667
2023,ALO,C3,1,-0.0930300452488666
2023,ALO,C3,1,-0.20219782805429531
2023,ALO,C3,1,0.10263438914027745
2023,ALO,C3,1,-0.011533393665146718
2023,ALO,C3,1,-0.10970117647056554
2023,ALO,C3,1,-0.4178689592759923
2023,ALO,C3,1,0.07696325791856395
2023,ALO,C3,1,-0.1282045248868542
2023,ALO,C3,1,-0.4323723076922903
2023,ALO,C3,1,-0.5945400904977163
2023,ALO,C3,1,-0.09470787330313613
2023,ALO,C3,1,0.15412434389142504
2023,ALO,C3,1,-0.555043438913998
2023,ALO,C3,1,-0.5762112217194328
2023,ALO,C3,1,-0.7133790045248531
2023,ALO,C3,1,-0.7885467873302758
2023,ALO,C3,1,-0.7357145701357268
2023,ALO,C3,1,-0.4358823529411495
2023,ALO,C3,1,-0.9210501357465688
2023,ALO,C3,1,-1.1012179185519955
2023,ALO,C3,1,-0.8413857013574244
2023,ALO,C3,1,-0.49755348416285017
2023,ALO,C3,1,-0.3527212669682882
2023,ALO,C3,1,1.0941109502262805
2023,ALO,C3,1,0.3969431674208579
2023,ALO,C3,1,-0.39522461538456355
2023,ALO,C3,1,-0.33139239818999044
2023,ALO,C3,1,-1.198560180995429
2023,ALO,C3,1,-0.6687279638008619
2023,ALO,C3,1,-0.7778957466062906
2023,ALO,C3,1,-1.4260635294117066
2023,ALO,C3,1,-1.7572313122171437
2023,ALO,C3,1,-1.8363990950225713
2023,ALO,C3,1,-1.6255668778280068
2023,ALO,C3,1,-1.7167346606334348
2023,ALO,C3,1,-1.4989024434388512
2023,ALO,C3,1,-1.5390702262442773
2023,ALO,C3,1,-1.7502380090497098
2023,ALO,C3,1,-1.7234057918551429
2023,ALO,C3,1,-1.341573574660572
2023,ALO,C3,1,1.2072586425340006
2023,ALO,C3,1,6.149090859728574
2023,ALO,C3,1,12.009923076923144
2023,BOT,C3,1,0.1864285714285785
2023,BOT,C3,1,0.3308598024316183
2023,BOT,C3,1,0.5532910334346468
2023,BOT,C3,1,0.2577222644377031
2023,BOT,C3,1,-0.5758465045592516
2023,BOT,C3,1,-0.5504152735562258
2023,BOT,C3,1,-0.9199840425531818
2023,BOT,C3,1,-0.663552811550133
2023,BOT,C3,1,-0.12012158054710653
2023,BOT,C3,1,-0.24369034954406743
2023,BOT,C3,1,-0.08925911854103674
2023,BOT,C3,1,0.4901721124620053
2023,BOT,C3,1,1.358603343465063
2023,BOT,C3,1,0.9500345744680914
2023,BOT,C3,1,1.0704658054711302
2023,BOT,C3,1,-0.7191029635258275
2023,BOT,C3,1,-1.6356717325227947
2023,BOT,C3,1,-1.4122405015197472
2023,BOT,C3,1,-1.3888092705167026
2023,BOT,C3,1,-1.1293780395136679
2023,BOT,C3,1,-0.6289468085106336
2023,BOT,C3,1,0.7254844224924142
2023,BOT,C3,1,0.8839156534954498
2023,BOT,C3,1,0.9263468844984857
2023,BOT,C3,1,0.8897781155015281
2023,BOT,C3,1,0.604209346504561
2023,BOT,C3,1,0.9826405775076097
2023,BOT,C3,1,0.19107180851064243
2023,BOT,C3,1,-0.1574969604863128
2023,BOT,C3,1,0.31493427051672995
2023,BOT,C3,1,-0.4766344984802373
2023,BOT,C3,1,1.1177967325228053
2023,BOT,C3,1,0.8042279635258467
2023,BOT,C3,1,0.07765919452887715
2023,BOT,C3,1,0.0740904255319208
2023,BOT,C3,1,1.0555216565349639
2023,BOT,C3,1,-0.11504711246199406
2023,BOT,C3,1,0.00038411854104936083
2023,BOT,C3,1,-0.23818465045592063
2023,BOT,C3,1,-0.48575341945287676
2023,BOT,C3,1,-0.21232218844983208
2023,BOT,C3,1,-0.26789095744680935
2023,BOT,C3,1,-0.648459726443761
2023,BOT,C3,1,-0.6740284954407088
2023,BOT,C3,1,-0.46059726443768056
2023,BOT,C3,1,-0.6291660334346432
2023,BOT,C3,1,-0.3737348024315992
2023,BOT,C3,1,0.9706964285714292
2023,DEV,C4,1,2.2752141176470673
2023,DEV,C4,1,1.0909237454982161
2023,DEV,C4,1,0.8866333733493548
2023,DEV,C4,1,0.3003430012005026
2023,DEV,C4,1,-0.2659473709483535
2023,DEV,C4,1,-0.4522377430972284
2023,DEV,C4,1,-0.7475281152460838
2023,DEV,C4,1,-0.03681848739493887
2023,DEV,C4,1,-0.5341088595438066
2023,DEV,C4,1,-0.4213992316926607
2023,DEV,C4,1,-0.07268960384152479
2023,DEV,C4,1,-0.012979975990376147
2023,DEV,C4,1,-0.4112703481392259
2023,DEV,C4,1,-0.48856072028809194
2023,DEV,C4,1,-0.3108510924369483
2023,DEV,C4,1,-0.2121414645857982
2023,DEV,C4,1,-0.2594318367346773
2023,DEV,C4,1,-0.3057222088835232
2023,DEV,C4,1,-0.09601258103238308
2023,DEV,C4,1,0.0836970468187559
2023,DEV,C4,1,0.20440667466989737
2023,DEV,C4,1,0.703116302521039
2023,DEV,C4,1,0.6368259303721828
2023,DEV,C4,1,0.6675355582233209
2023,DEV,C4,1,0.6582451860744669
2023,DEV,C4,1,0.4769548139256017
2023,DEV,C4,1,0.5126644417767494
2023,DEV,C4,1,-0.22962593037210866
2023,DEV,C4,1,-0.42991630252097934
2023,DEV,C4,1,-0.5562066746698235
2023,DEV,C4,1,-0.42649704681869594
2023,DEV,C4,1,-0.16978741896754457
2023,DEV,C4,1,1.4129222088836002
2023,DEV,C4,1,-0.4263681632652663
2023,DEV,C4,1,-0.402658535414119
2023,DEV,C4,1,-0.7489489075629763
2023,DEV,C4,1,0.8807607202881513
2023,DEV,C4,1,-1.086529651860701
2023,DEV,C4,1,-1.2928200240095578
2023,DEV,C4,1,-1.6861103961584263
2023,DEV,C4,1,-1.9394007683072658
2023,DEV,C4,1,-1.8546911404561257
2023,DEV,C4,1,-1.7549815126049992
2023,DEV,C4,1,-1.7162718847538514
2023,DEV,C4,1,-1.922562256902708
2023,DEV,C4,1,-1.8938526290515654
2023,DEV,C4,1,-1.4861430012004178
2023,DEV,C4,1,-1.005433373349291
2023,DEV,C4,1,5.043276254501862
2023,DEV,C4,1,9.822985882352995
2023,GAS,C3,1,1.4938280193237148
2023,GAS,C3,1,1.1887459376372789
2023,GAS,C3,1,0.5326638559508581
2023,GAS,C3,1,-0.10241822573557613
2023,GAS,C3,1,-0.10450030742200056
2023,GAS,C3,1,-0.2935823891084368
2023,GAS,C3,1,0.46833552920512034
2023,GAS,C3,1,-0.011746552481298522
2023,GAS,C3,1,-0.44082863416772966
2023,GAS,C3,1,-0.33491071585415
2023,GAS,C3,1,-0.07099279754059751
2023,GAS,C3,1,-0.891074879227034
2023,GAS,C3,1,0.008843039086542603
2023,GAS,C3,1,-0.22223904259988103
2023,GAS,C3,1,-0.15932112428632195
2023,GAS,C3,1,-0.4184032059727514
2023,GAS,C3,1,0.09351471234081998
2023,GAS,C3,1,-0.20156736934561081
2023,GAS,C3,1,0.3253505489679611
2023,GAS,C3,1,-0.4027315327184766
2023,GAS,C3,1,0.049186385595092474
2023,GAS,C3,1,-0.17289569609134503
2023,GAS,C3,1,-0.4889777777777624
2023,GAS,C3,1,-0.47705985946419105
2023,GAS,C3,1,-0.05614194115062787
2023,GAS,C3,1,0.09277597716294395
2023,GAS,C3,1,-0.5853061045234966
2023,GAS,C3,1,-0.44838818620991105
2023,GAS,C3,1,-0.689470267896354
2023,GAS,C3,1,0.29144765041721143
2023,GAS,C3,1,-0.2906344312692113
2023,GAS,C3,1,-0.1757165129556455
2023,GAS,C3,1,-0.3697985946420914
2023,GAS,C3,1,-0.10688067632850107
2023,GAS,C3,1,0.1890372419850621
2023,GAS,C3,1,-0.21804483970136346
2023,GAS,C3,1,0.17487307861219392
2023,GAS,C3,1,-0.2302090030742363
2023,GAS,C3,1,-0.06229108476065903
2023,GAS,C3,1,0.419626833552897
2023,GAS,C3,1,1.3735447518664756
2023,GAS,C3,1,0.5624626701800395
2023,GAS,C3,1,0.9543805884936063
2023,GAS,C3,1,-0.19970149319281916
2023,GAS,C3,1,0.0072164251207453844
2023,GAS,C4,2,3.7643999999999807
2023,GAS,C4,2,-0.7410000000000139
2023,GAS,C4,2,-4.614400000000003
2023,GAS,C4,2,-3.605799999999988
2023,GAS,C4,2,5.1968000000000245
2023,HAM,C4,1,1.1396758620690122
2023,HAM,C4,1,0.7950561576355142
2023,HAM,C4,1,0.1234364532020038
2023,HAM,C4,1,-0.4191832512314875
2023,HAM,C4,1,-0.11980295566499422
2023,HAM,C4,1,-0.3494226600984831
2023,HAM,C4,1,0.12795763546802164
2023,HAM,C4,1,-0.01666206896548772
2023,HAM,C4,1,-0.5952817733989804
2023,HAM,C4,1,-0.7649014778324812
2023,HAM,C4,1,-0.3835211822659801
2023,HAM,C4,1,-0.4521408866994818
2023,HAM,C4,1,-0.03676059113298891
2023,HAM,C4,1,-0.19238029556647973
2023,HAM,C4,1,0.006000000000028649
2023,HAM,C4,1,0.02738029556653032
2023,HAM,C4,1,0.22076059113302904
2023,HAM,C4,1,0.13514088669951718
2023,HAM,C4,1,0.12652118226601772
2023,HAM,C4,1,0.3939014778325287
2023,HAM,C4,1,-0.4467182266009786
2023,HAM,C4,1,0.29066206896551705
2023,HAM,C4,1,-0.25395763546796957
2023,HAM,C4,1,0.03542266009853279
2023,HAM,C4,1,0.18580295566502514
2023,HAM,C4,1,-0.13081674876846705
2023,HAM,C4,1,-0.04143645320196754
2023,HAM,C4,1,0.07394384236452822
2023,HAM,C4,1,0.5213241379310318
2023,HAM,C3,2,0.341688311688344
2023,HAM,C3,2,2.7551051948052248
2023,HAM,C3,2,1.2635220779221044
2023,HAM,C3,2,1.4989389610389878
2023,HAM,C3,2,1.2283558441558569
2023,HAM,C3,2,0.39077272727274703
2023,HAM,C3,2,0.22318961038963891
2023,HAM,C3,2,-0.40139350649349126
2023,HAM,C3,2,-1.0689766233766136
2023,HAM,C3,2,-1.370559740259722
2023,HAM,C3,2,-1.715142857142851
2023,HAM,C3,2,-1.6577259740259649
2023,HAM,C3,2,0.0016909090909109636
2023,HAM,C3,2,-2.274892207792206
2023,HAM,C3,2,-3.1614753246753082
2023,HAM,C3,2,-2.852058441558441
2023,HAM,C3,2,-3.2246415584415473
2023,HAM,C3,2,-3.1892246753246667
2023,HAM,C3,2,-2.2988077922077963
2023,HAM,C3,2,5.350609090909089
2023,HAM,C3,2,10.16102597402596
2023,HUL,C3,2,0.2528941176470738
2023,HUL,C3,2,0.06351231692677572
2023,HUL,C3,2,-0.1558694837935093
2023,HUL,C3,2,-0.3262512845137877
2023,HUL,C3,2,-0.10063308523407954
2023,HUL,C3,2,-0.31301488595437377
2023,HUL,C3,2,-0.2333966866746522
2023,HUL,C3,2,0.2452215126050561
2023,HUL,C3,2,1.6968397118847633
2023,HUL,C3,2,2.8084579111644814
2023,HUL,C3,2,3.1220761104441976
2023,HUL,C3,2,2.7236943097238964
2023,HUL,C3,2,1.9163125090036175
2023,HUL,C3,2,1.6899307082833275
2023,HUL,C3,2,2.5685489075630272
2023,HUL,C3,2,1.1221671068427526
2023,HUL,C3,2,-1.1882146938775406
2023,HUL,C3,2,-1.7455964945978337
2023,HUL,C3,2,-1.2179782953181189
2023,HUL,C3,2,-1.170360096038408
2023,HUL,C3,2,-0.9327418967586993
2023,HUL,C3,2,-1.1821236974789713
2023,HUL,C3,2,-0.8645054981992644
2023,HUL,C3,2,-0.6888872989195534
2023,HUL,C3,2,-0.17226909963984838
2023,HUL,C3,2,1.5343490996398685
2023,HUL,C3,2,-1.0740327010804123
2023,HUL,C3,2,-0.35441450180070433
2023,HUL,C3,2,-0.5187963025209967
2023,HUL,C3,2,1.0048218967587133
2023,HUL,C3,2,0.49644009603842676
2023,HUL,C3,2,-2.2489417046818687
2023,HUL,C3,2,-1.5443235054021471
2023,HUL,C3,2,-1.7997053061224335
2023,HUL,C3,2,-2.3230871068427206
2023,HUL,C3,2,-2.484468907563013
2023,HUL,C3,2,-2.4658507082833125
2023,HUL,C3,2,-2.6682325090035874
2023,HUL,C3,2,-2.5526143097238787
2023,HUL,C3,2,-2.5159961104441635
2023,HUL,C3,2,-3.156377911164455
2023,HUL,C3,2,-2.9887597118847395
2023,HUL,C3,2,-3.248141512605031
2023,HUL,C3,2,-3.115523313325312
2023,HUL,C3,2,-3.2999051140456004
2023,HUL,C3,2,-3.169286914765891
2023,HUL,C3,2,-2.0836687154861835
2023,HUL,C3,2,5.853949483793528
2023,HUL,C3,2,8.594567683073237
2023,HUL,C3,2,18.21018588235296
2023,LEC,C3,1,1.4867574750831096
2023,LEC,C3,1,1.0054835912811342
2023,LEC,C3,1,0.4992097074791815
2023,LEC,C3,1,-0.0850641763227884
2023,LEC,C3,1,-0.04633806012475361
2023,LEC,C3,1,-0.18361194392672076
2023,LEC,C3,1,0.38311417227133404
2023,LEC,C3,1,0.07384028846935564
2023,LEC,C3,1,-0.4694335953326032
2023,LEC,C3,1,-0.4797074791345608
2023,LEC,C3,1,-0.4449813629365167
2023,LEC,C3,1,-0.5302552467384913
2023,LEC,C3,1,-0.107529130540442
2023,LEC,C3,1,-0.1428030143424195
2023,LEC,C3,1,-0.09207689814437003
2023,LEC,C3,1,-0.12735078194634752
2023,LEC,C3,1,0.04637533425170659
2023,LEC,C3,1,-0.07789854955026954
2023,LEC,C3,1,0.1438275666477722
2023,LEC,C3,1,-0.047446317154197004
2023,LEC,C3,1,-0.2417202009561521
2023,LEC,C3,1,-0.15899408475812038
2023,LEC,C3,1,-0.44826796856007434
2023,LEC,C3,1,-0.36854185236204273
2023,LEC,C3,1,-0.06181573616399305
2023,LEC,C3,1,-0.2920896199659637
2023,LEC,C3,1,-0.36736350376791904
2023,LEC,C3,1,-0.7356373875698949
2023,LEC,C3,1,-0.1949112713718506
2023,LEC,C3,1,0.16881484482618703
2023,LEC,C3,1,-0.3784590389757767
2023,LEC,C3,1,-0.4507329227777461
2023,LEC,C3,1,-0.10600680657969974
2023,LEC,C3,1,-0.05328069038166916
2023,LEC,C3,1,0.017445425816376314
2023,LEC,C3,1,-0.06582845798558878
2023,LEC,C3,1,0.10289765821245567
2023,LEC,C3,1,-0.12037622558952421
2023,LEC,C3,1,-0.049650109391478736
2023,LEC,C3,1,1.0880760068065598
2023,LEC,C3,1,0.6078021230046033
2023,LEC,C3,1,1.3045282392026252
2023,LEC,C4,2,4.182822222222242
2023,LEC,C4,2,2.371338888888914
2023,LEC,C4,2,0.5878555555555778
2023,LEC,C4,2,-2.4966277777777606
2023,LEC,C4,2,-5.220111111111095
2023,LEC,C4,2,-6.555594444444438
2023,LEC,C4,2,-2.7260777777777747
2023,LEC,C4,2,4.893438888888895
2023,LEC,C4,2,4.9629555555555385
2023,MAG,C3,1,2.7376378809869664
2023,MAG,C3,1,2.3647350379920056
2023,MAG,C3,1,2.7158321949970343
2023,MAG,C3,1,2.405929352002076
2023,MAG,C3,1,1.4070265090071246
2023,MAG,C3,1,1.4401236660121555
2023,MAG,C3,1,0.853220823017196
2023,MAG,C3,1,0.5883179800222251
2023,MAG,C3,1,1.47641513702726
2023,MAG,C3,1,1.2445122940322904
2023,MAG,C3,1,2.1796094510373365
2023,MAG,C3,1,1.494706608042378
2023,MAG,C3,1,1.3268037650474156
2023,MAG,C3,1,1.3769009220524424
2023,MAG,C3,1,-0.008001920942518836
2023,MAG,C3,1,-0.6139047639374837
2023,MAG,C3,1,-1.0228076069324459
2023,MAG,C3,1,-1.2407104499274055
2023,MAG,C3,1,-0.9216132929223733
2023,MAG,C3,1,-1.0815161359173402
2023,MAG,C3,1,-1.0494189789122998
2023,MAG,C3,1,-1.6053218219072676
2023,MAG,C3,1,-1.5352246649022305
2023,MAG,C3,1,-1.3331275078971885
2023,MAG,C3,1,-0.6340303508921465
2023,MAG,C3,1,-0.8419331938871153
2023,MAG,C3,1,-0.8268360368820851
2023,MAG,C3,1,-1.1107388798770472
2023,MAG,C3,1,-1.7146417228720168
2023,MAG,C3,1,0.4254554341330419
2023,MAG,C3,1,-0.36244740886192517
2023,MAG,C3,1,-2.624350251856896
2023,MAG,C3,1,-2.2242530948518606
2023,MAG,C3,1,-0.6831559378468341
2023,MAG,C3,1,-2.903058780841789
2023,MAG,C3,1,-3.3809616238367397
2023,MAG,C3,1,-3.3718644668317097
2023,MAG,C3,1,-3.62476730982668
2023,MAG,C3,1,-3.9086701528216423
2023,MAG,C3,1,-3.7565729958166116
2023,MAG,C3,1,-3.991475838811567
2023,MAG,C3,1,-4.193378681806536
2023,MAG,C3,1,-3.847281524801488
2023,MAG,C3,1,-4.510184367796455
2023,MAG,C3,1,-4.336087210791419
2023,MAG,C3,1,-4.402990053786382
2023,MAG,C3,1,-4.420892896781353
2023,MAG,C3,1,-3.1007957397763164
2023,MAG,C3,1,2.066301417228715
2023,MAG,C3,1,7.0403985742337625
2023,MAG,C3,1,15.172495731238797
2023,MAG,C3,1,26.86659288824383
2023,NOR,C4,1,1.8811913265306401
2023,NOR,C4,1,0.7078906317846645
2023,NOR,C4,1,0.5615899370386757
2023,NOR,C4,1,-0.1047107577073092
2023,NOR,C4,1,-0.521011452453294
2023,NOR,C4,1,-0.8733121471992717
2023,NOR,C4,1,-0.8336128419452677
2023,NOR,C4,1,-0.3789135366912433
2023,NOR,C4,1,-0.35021423143723496
2023,NOR,C4,1,-0.2145149261832131
2023,NOR,C4,1,0.9551843790708006
2023,NOR,C4,1,-0.30311631567518305
2023,NOR,C4,1,-0.38441701042117415
2023,NOR,C4,1,-0.34471770516714173
2023,NOR,C4,1,-0.17101839991312318
2023,NOR,C4,1,-0.18131909465911633
2023,NOR,C4,1,-0.06761978940508584
2023,NOR,C4,1,0.4670795158489227
2023,NOR,C4,1,-0.011221178897059758
2023,NOR,C4,1,0.11847812635694766
2023,NOR,C4,1,-0.03282256838902242
2023,NOR,C4,1,-0.21712326313502217
2023,NOR,C4,1,-0.15242395788099827
2023,NOR,C4,1,-0.012724652626985744
2023,NOR,C4,1,0.3149746526270292
2023,NOR,C4,1,0.39767395788103954
2023,NOR,C4,1,0.10037326313506867
2023,NOR,C4,1,0.2760725683890968
2023,NOR,C4,1,-0.02122812635690252
2023,NOR,C4,1,-0.09452882110288385
2023,NOR,C4,1,-0.5938295158488671
2023,NOR,C4,1,-0.425130210594844
2023,NOR,C4,1,-0.4004309053408406
2023,NOR,C4,1,-0.19373160008682078
2023,NOR,C4,1,-0.2950322948328079
2023,NOR,C4,1,-0.0013329895787848045
2023,NOR,C4,1,-0.04963368432477466
2023,NOR,C4,1,-0.07193437907075406
2023,NOR,C4,1,0.34676492618325483
2023,NOR,C4,1,0.2674642314372875
2023,NOR,C4,1,0.04816353669130535
2023,NOR,C4,1,-0.015137158054685074
2023,NOR,C4,1,-0.028437852800664132
2023,NOR,C4,1,-0.11673854754666024
2023,NOR,C4,1,-0.09403924229263794
2023,NOR,C4,1,0.3366600629613714
2023,NOR,C4,1,0.4403593682153968
2023,NOR,C4,1,0.33605867346940954
2023,OCO,C4,1,0.9670903225806313
2023,OCO,C4,1,0.44956685205782776
2023,OCO,C4,1,0.13904338153501783
2023,OCO,C4,1,-0.054480088987773456
2023,OCO,C4,1,-0.2850035595105851
2023,OCO,C4,1,-0.1545270300333783
2023,OCO,C4,1,-0.3240505005561829
2023,OCO,C4,1,-0.1835739710789852
2023,OCO,C4,1,-0.2380974416017949
2023,OCO,C4,1,-0.347620912124583
2023,OCO,C4,1,-0.024144382647392604
2023,OCO,C4,1,-0.43466785317018264
2023,OCO,C4,1,-0.32519132369299086
2023,OCO,C4,1,-0.28271479421579215
2023,OCO,C4,1,-0.2732382647386089
2023,OCO,C4,1,0.23023826473860254
2023,OCO,C4,1,0.15771479421579215
2023,OCO,C4,1,0.0911913236929962
2023,OCO,C4,1,0.18366785317020629
2023,OCO,C4,1,0.337144382647395
2023,OCO,C4,1,0.31262091212460064
2023,OCO,C4,1,0.20809744160179378
2023,OCO,C4,1,-0.08742602892100138
2023,OCO,C4,1,-0.05494949944382199
2023,OCO,C4,1,0.006527030033396386
2023,OCO,C4,1,-0.2019964404894239
2023,OCO,C4,1,-0.3295199110122127
2023,OCO,C4,1,-0.009043381535022377
2023,OCO,C4,1,0.2254331479421836
2023,OCO,C4,1,0.30190967741937413
2023,OCO,C3,2,1.8790999999999798
2023,OCO,C3,2,1.6812578947368166
2023,OCO,C3,2,1.5474157894736607
2023,OCO,C3,2,1.0405736842105142
2023,OCO,C3,2,0.6057315789473563
2023,OCO,C3,2,0.38388947368419224
2023,OCO,C3,2,-0.10295263157895818
2023,OCO,C3,2,-0.9427947368421172
2023,OCO,C3,2,-0.8036368421052771
2023,OCO,C3,2,-1.1544789473684318
2023,OCO,C3,2,-1.466321052631585
2023,OCO,C3,2,-1.5711631578947447
2023,OCO,C3,2,-2.410005263157899
2023,OCO,C3,2,-2.5658473684210605
2023,OCO,C3,2,-2.9026894736842195
2023,OCO,C3,2,-3.1235315789473646
2023,OCO,C3,2,-2.7203736842105286
2023,OCO,C3,2,-1.4462157894736833
2023,OCO,C3,2,5.747942105263149
2023,OCO,C3,2,8.324100000000001
2023,PER,C3,2,-1.1817763440860602
2023,PER,C3,2,-1.1319136077123062
2023,PER,C3,2,-1.4960508713385536
2023,PER,C3,2,-1.4051881349648028
2023,PER,C3,2,-0.5623253985910566
2023,PER,C3,2,-0.12246266221730195
2023,PER,C3,2,0.09640007415644902
2023,PER,C3,2,1.5312628105302082
2023,PER,C3,2,1.4941255469039447
2023,PER,C3,2,2.3449882832777007
2023,PER,C3,2,1.7328510196514486
2023,PER,C3,2,1.7697137560252116
2023,PER,C3,2,1.7405764923989437
2023,PER,C3,2,2.4704392287727046
2023,PER,C3,2,-0.8506980348535507
2023,PER,C3,2,-1.173835298479787
2023,PER,C3,2,-1.1599725621060486
2023,PER,C3,2,-0.7141098257322938
2023,PER,C3,2,-0.5322470893585489
2023,PER,C3,2,-0.8293843529847891
2023,PER,C3,2,-0.9075216166110494
2023,PER,C3,2,-1.0886588802372898
2023,PER,C3,2,0.14920385613645237
2023,PER,C3,2,-0.5069334074897824
2023,PER,C3,2,-0.31307067111603715
2023,PER,C3,2,-0.036207934742279235
2023,PER,C3,2,0.650654801631461
2023,PER,C3,2,-0.9264824619947802
2023,PER,C3,2,-0.7096197256210246
2023,PER,C3,2,1.6682430107527182
2023,PER,C4,3,3.211392156862786
2023,PER,C4,3,2.323174019607876
2023,PER,C4,3,1.2579558823529595
2023,PER,C4,3,0.6377377450980504
2023,PER,C4,3,0.23551960784315895
2023,PER,C4,3,0.7273014705882588
2023,PER,C4,3,-0.48391666666665856
2023,PER,C4,3,-0.809134803921566
2023,PER,C4,3,-1.7523529411764684
2023,PER,C4,3,-2.952571078431376
2023,PER,C4,3,-3.7457892156862727
2023,PER,C4,3,-4.646007352941183
2023,PER,C4,3,-5.2372254901960815
2023,PER,C4,3,-4.4054436274509925
2023,PER,C4,3,1.2143382352940932
2023,PER,C4,3,1.2911200980391868
2023,PER,C4,3,13.133901960784286
2023,PIA,C3,1,3.222950653120492
2023,PIA,C3,1,1.9139148809015865
2023,PIA,C3,1,1.7528791086826914
2023,PIA,C3,1,1.0148433364637839
2023,PIA,C3,1,0.5178075642448761
2023,PIA,C3,1,0.10277179202597608
2023,PIA,C3,1,0.0247360198070794
2023,PIA,C3,1,0.5057002475881802
2023,PIA,C3,1,0.13766447536927728
2023,PIA,C3,1,-0.014371296849617465
2023,PIA,C3,1,1.3505929309314837
2023,PIA,C3,1,0.2765571587125777
2023,PIA,C3,1,0.25952138649365963
2023,PIA,C3,1,0.07148561427476352
2023,PIA,C3,1,-0.38155015794413316
2023,PIA,C3,1,-0.08358593016303928
2023,PIA,C3,1,-0.40862170238193585
2023,PIA,C3,1,0.20534252539916054
2023,PIA,C3,1,0.033306753180269766
2023,PIA,C3,1,-0.2197290190386525
2023,PIA,C3,1,-0.2967647912575444
2023,PIA,C3,1,0.16119943652354607
2023,PIA,C3,1,-0.03683633569535516
2023,PIA,C3,1,-0.05087210791424468
2023,PIA,C3,1,0.7280921198668437
2023,PIA,C3,1,0.017056347647951497
2023,PIA,C3,1,-1.058979424570964
2023,PIA,C3,1,-1.2460151967898696
2023,PIA,C3,1,-1.2550509690087637
2023,PIA,C3,1,-1.5400867412276682
2023,PIA,C3,1,-1.3021225134465624
2023,PIA,C3,1,-1.4701582856654625
2023,PIA,C3,1,-1.4551940578843556
2023,PIA,C3,1,-1.4752298301032596
2023,PIA,C3,1,-2.139265602322183
2023,PIA,C3,1,-2.0353013745410777
2023,PIA,C3,1,-2.1843371467599724
2023,PIA,C3,1,-2.0783729189788716
2023,PIA,C3,1,-1.8044086911977786
2023,PIA,C3,1,-1.4704444634166691
2023,PIA,C3,1,-1.997480235635578
2023,PIA,C3,1,-1.9515160078544938
2023,PIA,C3,1,-2.095551780073393
2023,PIA,C3,1,-2.327587552292286
2023,PIA,C3,1,-2.694623324511184
2023,PIA,C3,1,-2.734659096730084
2023,PIA,C3,1,-2.2836948689489844
2023,PIA,C3,1,0.9262693588321156
2023,PIA,C3,1,-2.1577664133868097
2023,PIA,C3,1,3.1901978143942955
2023,PIA,C3,1,9.464162042175403
2023,PIA,C3,1,16.3731262699565
2023,RUS,C3,1,2.758081277213364
2023,RUS,C3,1,1.8946014684538568
2023,RUS,C3,1,1.6341216596943724
2023,RUS,C3,1,0.44464185093487174
2023,RUS,C3,1,0.5501620421753586
2023,RUS,C3,1,0.1886822334158751
2023,RUS,C3,1,0.5962024246563686
2023,RUS,C3,1,0.6317226158968765
2023,RUS,C3,1,0.1732428071373846
2023,RUS,C3,1,0.09076299837788326
2023,RUS,C3,1,0.06728318961837942
2023,RUS,C3,1,-0.6041966191411063
2023,RUS,C3,1,-0.10467642790061404
2023,RUS,C3,1,0.14084376333988757
2023,RUS,C3,1,0.11236395458038828
2023,RUS,C3,1,-0.14511585417911022
2023,RUS,C3,1,-0.1595956629386137
2023,RUS,C3,1,-0.08907547169809504
2023,RUS,C3,1,-0.06755528045761139
2023,RUS,C3,1,-0.301035089217109
2023,RUS,C3,1,-0.5075148979765913
2023,RUS,C3,1,-0.27499470673609494
2023,RUS,C3,1,-0.6764745154955989
2023,RUS,C3,1,-0.7369543242550947
2023,RUS,C3,1,-0.48443413301458804
2023,RUS,C3,1,-0.5469139417740934
2023,RUS,C3,1,-1.030393750533591
2023,RUS,C3,1,-1.0508735592930947
2023,RUS,C3,1,-1.082353368052594
2023,RUS,C3,1,-0.9778331768120836
2023,RUS,C3,1,-0.9073129855715791
2023,RUS,C3,1,-0.8247927943310884
2023,RUS,C3,1,-0.8112726030905719
2023,RUS,C3,1,-0.8117524118500796
2023,RUS,C3,1,-1.2682322206095762
2023,RUS,C3,1,-1.0437120293690754
2023,RUS,C3,1,-1.1831918381285789
2023,RUS,C3,1,-1.0386716468880763
2023,RUS,C3,1,-1.1621514556475603
2023,RUS,C3,1,-1.0536312644070733
2023,RUS,C3,1,-0.39711107316657035
2023,RUS,C3,1,-0.5285908819260641
2023,RUS,C3,1,-0.40807069068556245
2023,RUS,C3,1,-0.8295504994450482
2023,RUS,C3,1,-1.306030308204555
2023,RUS,C3,1,-1.3135101169640535
2023,RUS,C3,1,-1.5749899257235427
2023,RUS,C3,1,-1.1494697344830485
2023,RUS,C3,1,-0.7369495432425452
2023,RUS,C3,1,1.2685706479979615
2023,RUS,C3,1,6.383090839238463
2023,RUS,C3,1,10.254611030478955
2023,SAI,C3,1,1.2482943548387055
2023,SAI,C3,1,0.6901306451612754
2023,SAI,C3,1,0.29096693548386554
2023,SAI,C3,1,-0.3911967741935598
2023,SAI,C3,1,-0.2733604838709738
2023,SAI,C3,1,-0.26352419354839185
2023,SAI,C3,1,-0.24668790322580492
2023,SAI,C3,1,-0.500851612903233
2023,SAI,C3,1,-0.660015322580648
2023,SAI,C3,1,-0.3881790322580656
2023,SAI,C3,1,0.37065725806451155
2023,SAI,C3,1,-0.2135064516129006
2023,SAI,C3,1,-0.31567016129032766
2023,SAI,C3,1,-0.4628338709677422
2023,SAI,C3,1,-0.02999758064515845
2023,SAI,C3,1,0.16783870967742587
2023,SAI,C3,1,0.0626749999999987
2023,SAI,C3,1,-0.039488709677428346
2023,SAI,C3,1,0.07034758064516211
2023,SAI,C3,1,0.12118387096774086
2023,SAI,C3,1,0.19902016129033484
2023,SAI,C3,1,0.27485645161290506
2023,SAI,C3,1,0.2576927419355002
2023,SAI,C3,1,-0.11347096774193233
2023,SAI,C3,1,-0.1346346774193421
2023,SAI,C3,1,-0.10579838709676892
2023,SAI,C3,1,-0.030962096774189263
2023,SAI,C3,1,-0.09912580645159608
2023,SAI,C3,1,0.026710483870971302
2023,SAI,C3,1,0.34854677419356506
2023,SAI,C3,1,0.14038306451614346
2023,SAI,C4,2,2.798299999999969
2023,SAI,C4,2,3.580478947368391
2023,SAI,C4,2,2.5976578947368125
2023,SAI,C4,2,1.249836842105239
2023,SAI,C4,2,1.0700157894736577
2023,SAI,C4,2,0.3491947368420796
2023,SAI,C4,2,-0.5916263157894974
2023,SAI,C4,2,-1.344447368421072
2023,SAI,C4,2,-1.9312684210526498
2023,SAI,C4,2,-1.18908947368422
2023,SAI,C4,2,-2.3719105263158013
2023,SAI,C4,2,-2.8667315789473804
2023,SAI,C4,2,-3.923552631578957
2023,SAI,C4,2,-4.663373684210541
2023,SAI,C4,2,-4.779194736842129
2023,SAI,C4,2,-5.4450157894737
2023,SAI,C4,2,-3.917836842105274
2023,SAI,C4,2,2.7013421052631372
2023,SAI,C4,2,5.9995210526315645
2023,SAI,C4,2,12.677699999999987
2023,SAR,C4,1,0.4522156862745419
2023,SAR,C4,1,0.8659093137255098
2023,SAR,C4,1,0.745602941176486
2023,SAR,C4,1,0.5662965686274788
2023,SAR,C4,1,-0.48300980392154713
2023,SAR,C4,1,-0.7033161764705653
2023,SAR,C4,1,-1.1426225490195918
2023,SAR,C4,1,-0.7079289215686231
2023,SAR,C4,1,-0.05023529411762695
2023,SAR,C4,1,-0.4425416666666564
2023,SAR,C4,1,0.02315196078431825
2023,SAR,C4,1,-0.508154411764707
2023,SAR,C4,1,-0.6934607843137144
2023,SAR,C4,1,-0.6497671568627368
2023,SAR,C4,1,1.9679264705882389
2023,SAR,C4,1,-0.005379901960793632
2023,SAR,C4,1,0.7653137254901878
2023,SAR,C5,3,1.6633703703703588
2023,SAR,C5,3,1.5608746438746266
2023,SAR,C5,3,1.1613789173788973
2023,SAR,C5,3,0.7848831908831642
2023,SAR,C5,3,0.5563874643874556
2023,SAR,C5,3,0.096891737891724
2023,SAR,C5,3,-0.18660398860400562
2023,SAR,C5,3,-0.619099715099722
2023,SAR,C5,3,-0.8185954415954626
2023,SAR,C5,3,-0.7380911680911879
2023,SAR,C5,3,-0.007586894586907533
2023,SAR,C5,3,-1.515082621082641
2023,SAR,C5,3,-1.745578347578359
2023,SAR,C5,3,0.6469259259259132
2023,SAR,C5,3,1.423430199430186
2023,SAR,C5,3,-0.38406552706554464
2023,SAR,C5,3,-1.5755612535612613
2023,SAR,C5,3,-1.7110569800569948
2023,SAR,C5,3,-1.8045527065527267
2023,SAR,C5,3,1.3059515669515491
2023,SAR,C5,3,-1.4425441595441697
2023,SAR,C5,3,-2.274039886039887
2023,SAR,C5,3,-2.633535612535624
2023,SAR,C5,3,-2.5730313390313455
2023,SAR,C5,3,0.10147293447292327
2023,SAR,C5,3,0.8519772079771997
2023,SAR,C5,3,9.875481481481472
2023,STR,C3,1,0.15068792517008944
2023,STR,C3,1,0.11094677232595984
2023,STR,C3,1,0.2022056194818589
2023,STR,C3,1,0.6634644666377341
2023,STR,C3,1,0.03172331379361992
2023,STR,C3,1,-0.31501783905049763
2023,STR,C3,1,-0.9777589918946035
2023,STR,C3,1,-1.030500144738724
2023,STR,C3,1,0.22475870241714802
2023,STR,C3,1,0.11101754957303456
2023,STR,C3,1,1.2212763967289106
2023,STR,C3,1,0.6905352438848098
2023,STR,C3,1,0.6197940910406885
2023,STR,C3,1,0.9830529381965647
2023,STR,C3,1,1.6293117853524564
2023,STR,C3,1,-1.7504293674916624
2023,STR,C3,1,-1.58317052033577
2023,STR,C3,1,-1.4159116731798917
2023,STR,C3,1,-0.861652826024013
2023,STR,C3,1,-0.8863939788681279
2023,STR,C3,1,-0.48613513171224554
2023,STR,C3,1,-0.9528762845563676
2023,STR,C3,1,-0.3126174374004762
2023,STR,C3,1,-0.42335859024458955
2023,STR,C3,1,0.44390025691129154
2023,STR,C3,1,0.553159104067177
2023,STR,C3,1,0.5454179512230581
2023,STR,C3,1,0.595676798378932
2023,STR,C3,1,2.5099356455348243
2023,STR,C3,1,0.16519449269070208
2023,STR,C3,1,1.2454533398465912
2023,STR,C3,1,-0.5962878129975309
2023,STR,C3,1,1.9139710341583651
2023,STR,C3,1,0.40722988131423676
2023,STR,C3,1,-0.3555112715298776
2023,STR,C3,1,-0.6702524243739845
2023,STR,C3,1,-0.574993577218109
2023,STR,C3,1,-0.5537347300622173
2023,STR,C3,1,-0.45647588290634644
2023,STR,C3,1,-0.27721703575045353
2023,STR,C3,1,-0.08995818859457927
2023,STR,C3,1,-0.4336993414386967
2023,STR,C3,1,-0.5714404942828111
2023,STR,C3,1,-0.20118164712692987
2023,STR,C3,1,0.13007720002896406
2023,STR,C3,1,-0.30866395281516645
2023,STR,C3,1,-0.44240510565927593
2023,STR,C3,1,1.3788537414966129
2023,TSU,C4,1,2.5440535444946875
2023,TSU,C4,1,1.525263951734516
2023,TSU,C4,1,1.2644743589743257
2023,TSU,C4,1,0.5166847662141549
2023,TSU,C4,1,-0.061104826546028335
2023,TSU,C4,1,-0.09089441930620978
2023,TSU,C4,1,0.13631598793359956
2023,TSU,C4,1,0.03252639517342004
2023,TSU,C4,1,-0.14126319758673844
2023,TSU,C4,1,0.4469472096530751
2023,TSU,C4,1,0.7651576168928926
2023,TSU,C4,1,-0.07363197586728631
2023,TSU,C4,1,-0.4044215686274697
2023,TSU,C4,1,-0.45821116138765206
2023,TSU,C4,1,-0.6630007541478307
2023,TSU,C4,1,-0.5527903469080115
2023,TSU,C4,1,0.09342006033180894
2023,TSU,C4,1,-0.377369532428375
2023,TSU,C4,1,0.17484087481145139
2023,TSU,C4,1,0.2920512820512755
2023,TSU,C4,1,0.17226168929109065
2023,TSU,C4,1,0.24747209653091318
2023,TSU,C4,1,0.31068250377073525
2023,TSU,C4,1,0.3198929110105553
2023,TSU,C4,1,0.24510331825038634
2023,TSU,C4,1,-0.5736862745097966
2023,TSU,C4,1,-0.681475867269981
2023,TSU,C4,1,-0.8622654600301587
2023,TSU,C4,1,-0.7390550527903486
2023,TSU,C4,1,-0.6228446455505292
2023,TSU,C4,1,-0.5786342383106984
2023,TSU,C4,1,-0.652423831070891
2023,TSU,C4,1,-1.082213423831064
2023,TSU,C4,1,-1.3830030165912461
2023,TSU,C4,1,-1.46479260935142
2023,TSU,C4,1,-1.1645822021116032
2023,TSU,C4,1,-0.973371794871781
2023,TSU,C4,1,-0.8421613876319611
2023,TSU,C4,1,-0.8639509803921328
2023,TSU,C4,1,-1.1297405731523185
2023,TSU,C4,1,-1.0265301659125043
2023,TSU,C4,1,-1.1813197586726716
2023,TSU,C4,1,-1.2391093514328588
2023,TSU,C4,1,-1.3718989441930347
2023,TSU,C4,1,-1.3066885369532173
2023,TSU,C4,1,-1.1054781297134042
2023,TSU,C4,1,-1.188267722473583
2023,TSU,C4,1,-0.9780573152337695
2023,TSU,C4,1,-0.6698469079939429
2023,TSU,C4,1,4.482363499245878
2023,TSU,C4,1,12.934573906485696
2023,VER,C4,1,3.1899502262443207
2023,VER,C4,1,2.815601628959243
2023,VER,C4,1,1.7892530316741926
2023,VER,C4,1,1.5979044343891218
2023,VER,C4,1,1.1375558371040455
2023,VER,C4,1,1.0492072398189833
2023,VER,C4,1,0.731858642533922
2023,VER,C4,1,0.28451004524885093
2023,VER,C4,1,0.25616144796379103
2023,VER,C4,1,-0.051187149321279435
2023,VER,C4,1,0.002464253393654303
2023,VER,C4,1,-0.006884343891414346
2023,VER,C4,1,-0.3292329411764854
2023,VER,C4,1,-0.3745815384615412
2023,VER,C4,1,-0.6039301357466087
2023,VER,C4,1,-0.5742787330316901
2023,VER,C4,1,-0.2646273303167419
2023,VER,C4,1,-0.7569759276018146
2023,VER,C4,1,-0.9823245248868773
2023,VER,C4,1,-1.1186731221719413
2023,VER,C4,1,-1.00602171945701
2023,VER,C4,1,-0.7023703167420621
2023,VER,C4,1,-0.7547189140271371
2023,VER,C4,1,-0.7890675113122114
2023,VER,C4,1,-0.3594161085972729
2023,VER,C4,1,-0.20976470588233553
2023,VER,C4,1,-0.1321133031674151
2023,VER,C4,1,0.3675380995475308
2023,VER,C4,1,0.36118950226246227
2023,VER,C4,1,0.40984090497738634
2023,VER,C4,1,-0.5735076923076718
2023,VER,C4,1,-0.6748562895927392
2023,VER,C4,1,-0.8062048868778078
2023,VER,C4,1,-1.5885534841628726
2023,VER,C4,1,-1.8209020814479402
2023,VER,C4,1,-2.0582506787330175
2023,VER,C4,1,-1.9445992760180673
2023,VER,C4,1,-2.2429478733031374
2023,VER,C4,1,-2.4682964705882
2023,VER,C4,1,-2.3866450678732747
2023,VER,C4,1,-2.7089936651583457
2023,VER,C4,1,-2.8113422624434037
2023,VER,C4,1,-2.5186908597284656
2023,VER,C4,1,-2.5150394570135433
2023,VER,C4,1,-2.6913880542985993
2023,VER,C4,1,-2.409736651583671
2023,VER,C4,1,-2.605085248868747
2023,VER,C4,1,-2.5734338461537902
2023,VER,C4,1,3.964217556561138
2023,VER,C4,1,9.755868959276071
2023,VER,C4,1,18.701520361991
2023,ZHO,C3,2,-1.1371488095237936
2023,ZHO,C3,2,-1.2416362715298703
2023,ZHO,C3,2,-1.3091237335359551
2023,ZHO,C3,2,-1.0776111955420333
2023,ZHO,C3,2,-0.9220986575481049
2023,ZHO,C3,2,-1.12358611955419
2023,ZHO,C3,2,-0.9020735815602734
2023,ZHO,C3,2,-0.02356104356634603
2023,ZHO,C3,2,1.081951494427571
2023,ZHO,C3,2,1.9934640324214996
2023,ZHO,C3,2,2.037976570415424
2023,ZHO,C3,2,1.7354891084093254
2023,ZHO,C3,2,2.0170016464032585
2023,ZHO,C3,2,1.911514184397177
2023,ZHO,C3,2,2.719026722391092
2023,ZHO,C3,2,3.534539260385017
2023,ZHO,C3,2,1.674051798378926
2023,ZHO,C3,2,-0.702435663627142
2023,ZHO,C3,2,-1.4069231256332273
2023,ZHO,C3,2,-1.592410587639307
2023,ZHO,C3,2,-1.624898049645381
2023,ZHO,C3,2,-1.3663855116514583
2023,ZHO,C3,2,-1.0238729736575465
2023,ZHO,C3,2,-1.1353604356636282
2023,ZHO,C3,2,1.5001521023303042
2023,ZHO,C3,2,-0.4643353596757862
2023,ZHO,C3,2,0.12517717831813968
2023,ZHO,C3,2,-0.23031028368794182
2023,ZHO,C3,2,0.15620225430598111
2023,ZHO,C3,2,2.0847147922999056
2023,ZHO,C3,2,1.0222273302938305
2023,ZHO,C3,2,-1.026260131712263
2023,ZHO,C3,2,-0.8137475937183325
2023,ZHO,C3,2,-0.608235055724407
2023,ZHO,C3,2,-1.073722517730502
2023,ZHO,C3,2,-1.143209979736568
2023,ZHO,C3,2,-1.2426974417426493
2023,ZHO,C3,2,-1.0661849037487343
2023,ZHO,C3,2,-1.2786723657548151
2023,ZHO,C3,2,-1.291159827760893
2023,ZHO,C3,2,-1.3186472897669717
2023,ZHO,C3,2,-1.3251347517730494
2023,ZHO,C3,2,-1.4746222137791278
2023,ZHO,C3,2,-1.3731096757852157
2023,ZHO,C3,2,-1.282597137791285
2023,ZHO,C3,2,-1.2120845997973788
2023,ZHO,C3,2,1.3394279381965504
2023,ZHO,C3,2,9.880940476190474
2024,ALB,C3,2,5.644761052631523
2024,ALB,C3,2,1.1514129160739088
2024,ALB,C3,2,1.2890647795162948
2024,ALB,C3,2,1.3907166429586937
2024,ALB,C3,2,-0.05763149359891884
2024,ALB,C3,2,-0.3799796301565266
2024,ALB,C3,2,0.14267223328586454
2024,ALB,C3,2,-0.24467590327175515
2024,ALB,C3,2,-0.23802403982935516
2024,ALB,C3,2,-0.8763721763869654
2024,ALB,C3,2,-0.22272031294457406
2024,ALB,C3,2,-0.9970684495021942
2024,ALB,C3,2,-0.9424165860597924
2024,ALB,C3,2,-0.6857647226173924
2024,ALB,C3,2,-0.2871128591750107
2024,ALB,C3,2,-1.327460995732622
2024,ALB,C3,2,-1.0698091322902314
2024,ALB,C3,2,-0.9001572688478348
2024,ALB,C3,2,-0.268505405405449
2024,ALB,C3,2,-0.6088535419630574
2024,ALB,C3,2,-0.9532016785206707
2024,ALB,C3,2,-0.5245498150782879
2024,ALB,C3,2,-0.6638979516358887
2024,ALB,C3,2,-0.46924608819350055
2024,ALB,C3,2,-0.3685942247511065
2024,ALB,C3,2,-1.3129423613087141
2024,ALB,C3,2,-0.4972904978663166
2024,ALB,C3,2,0.7253613655760631
2024,ALB,C3,2,0.28201322901846027
2024,ALB,C3,2,-0.4563349075391585
2024,ALB,C3,2,-1.0586830440967674
2024,ALB,C3,2,-1.361031180654365
2024,ALB,C3,2,-1.6243793172119751
2024,ALB,C3,2,1.24227254623041
2024,ALB,C3,2,0.4439244096728032
2024,ALB,C3,2,0.03757627311517808
2024,ALB,C3,2,0.16722813655758273
2024,ALB,C3,2,-0.35512000000002786
2024,ALB,C3,2,-0.7834681365576444
2024,ALB,C3,2,0.0261837268847529
2024,ALB,C3,2,-0.5071644096728676
2024,ALB,C3,2,-0.26551254623045395
2024,ALB,C3,2,1.8541393172119314
2024,ALB,C3,2,0.7547911806543084
2024,ALB,C3,2,0.6774430440967052
2024,ALB,C3,2,-0.40890509246089835
2024,ALB,C3,2,-0.2972532290185086
2024,ALB,C3,2,-0.35260136557612043
2024,ALB,C3,2,-0.702949502133734
2024,ALB,C3,2,2.042702361308656
2024,ALB,C3,2,1.2433542247510587
2024,ALB,C3,2,4.245006088193449
2024,ALB,C3,2,-0.2623420483641752
2024,ALB,C3,2,-0.49669018492177486
2024,ALB,C3,2,-0.967038321479393
2024,ALB,C3,2,-0.4933864580369942
2024,ALB,C3,2,-0.9277345945946109
2024,ALB,C3,2,0.4589172688477845
2024,ALB,C3,2,1.202569132290165
2024,ALB,C3,2,0.5412209957325729
2024,ALB,C3,2,4.174872859174954
2024,ALB,C3,2,-0.9444752773826508
2024,ALB,C3,2,-1.539823413940269
2024,ALB,C3,2,-0.7431715504978769
2024,ALB,C3,2,-0.81751968705548
2024,ALB,C3,2,-0.25186782361308246
2024,ALB,C3,2,1.3387840398293065
2024,ALB,C3,2,0.8424359032716922
2024,ALB,C3,2,0.48408776671406883
2024,ALB,C3,2,-0.25326036984351674
2024,ALB,C3,2,0.06839149359886676
2024,ALB,C3,2,-0.294956642958752
2024,ALB,C3,2,-0.4043047795163659
2024,ALB,C3,2,-0.9206529160739763
2024,ALB,C3,2,-1.0850010526315685
2024,ALO,C4,2,6.427064864864832
2024,ALO,C4,2,1.0352855979266593
2024,ALO,C4,2,0.9345063309884978
2024,ALO,C4,2,0.1307270640503191
2024,ALO,C4,2,0.34594779711214585
2024,ALO,C4,2,-0.17583146982602216
2024,ALO,C4,2,-0.7496107367641827
2024,ALO,C4,2,-0.4753900037023584
2024,ALO,C4,2,-0.8611692706405307
2024,ALO,C4,2,-0.8529485375786976
2024,ALO,C4,2,-0.7307278045168744
2024,ALO,C4,2,-0.7065070714550501
2024,ALO,C4,2,-0.9772863383932133
2024,ALO,C4,2,-0.6600656053313827
2024,ALO,C4,2,-1.1188448722695483
2024,ALO,C4,2,-0.7826241392077264
2024,ALO,C4,2,-1.1924034061458855
2024,ALO,C4,2,-0.6271826730840644
2024,ALO,C4,2,-1.3599619400222451
2024,ALO,C4,2,-0.5797412069603922
2024,ALO,C4,2,-1.3105204738985776
2024,ALO,C4,2,-0.0832997408367504
2024,ALO,C4,2,-0.3450790077749275
2024,ALO,C4,2,-0.5178582747130775
2024,ALO,C4,2,-0.012637541651258744
2024,ALO,C4,2,0.28858319141056654
2024,ALO,C4,2,0.009803924472407743
2024,ALO,C4,2,-0.1009753424657589
2024,ALO,C4,2,-0.4327546094039434
2024,ALO,C4,2,-0.004533876342108556
2024,ALO,C4,2,-0.6043131432802795
2024,ALO,C4,2,-0.01709241021845287
2024,ALO,C4,2,-0.4018716771566204
2024,ALO,C4,2,0.35434905590521737
2024,ALO,C4,2,0.7985697889670433
2024,ALO,C4,2,0.42879052202886214
2024,ALO,C4,2,0.6720112550906947
2024,ALO,C4,2,0.22223198815252942
2024,ALO,C4,2,2.9734527212143576
2024,ALO,C4,2,2.919673454276179
2024,ALO,C4,2,-0.06610581266197357
2024,ALO,C4,2,-1.4398850796001454
2024,ALO,C4,2,-0.2756643465383206
2024,ALO,C4,2,-1.2434436134765008
2024,ALO,C4,2,-1.0022228804146636
2024,ALO,C4,2,0.26399785264716513
2024,ALO,C4,2,-0.15378141429100367
2024,ALO,C4,2,-0.596560681229164
2024,ALO,C4,2,0.7656600518326542
2024,ALO,C4,2,3.5668807848944795
2024,ALO,C4,2,0.24210151795631418
2024,ALO,C4,2,-0.4986777489818479
2024,ALO,C4,2,-0.21845701592002342
2024,ALO,C4,2,1.1697637171418052
2024,ALO,C4,2,1.090984450203635
2024,ALO,C4,2,-0.2197948167345345
2024,ALO,C4,2,-0.16957408367271398
2024,ALO,C4,2,-0.16235335061088563
2024,ALO,C4,2,-0.5161326175490473
2024,ALO,C4,2,-0.3919118844872145
2024,ALO,C4,2,-0.591691151425394
2024,ALO,C4,2,-0.3514704183635473
2024,ALO,C4,2,-0.3942496853017303
2024,ALO,C4,2,-0.3300289522398998
2024,ALO,C4,2,-0.7808082191780557
2024,ALO,C4,2,-0.9075874861162418
2024,ALO,C4,2,-0.07336675305441531
2024,ALO,C4,2,-0.25314601999258457
2024,ALO,C4,2,-0.5329252869307481
2024,ALO,C4,2,-0.524704553868915
2024,ALO,C4,2,-0.04148382080708757
2024,ALO,C4,2,1.8507369122547317
2024,ALO,C4,2,0.2379576453165697
2024,ALO,C4,2,0.6881783783783959
2024,BOT,C4,2,4.287397435897461
2024,BOT,C4,2,-1.593008158508141
2024,BOT,C4,2,-0.8664137529137292
2024,BOT,C4,2,-1.1578193473193323
2024,BOT,C4,2,-0.7172249417249219
2024,BOT,C4,2,-0.8236305361305227
2024,BOT,C4,2,-0.8810361305361027
2024,BOT,C4,2,-0.17244172494170584
2024,BOT,C4,2,-0.09584731934729973
2024,BOT,C4,2,0.16174708624710377
2024,BOT,C4,2,0.8503414918415189
2024,BOT,C4,2,1.0079358974359138
2024,BOT,C3,3,-4.257319672131146
2024,BOT,C3,3,-4.21793764934705
2024,BOT,C3,3,-2.9225556265629535
2024,BOT,C3,3,-1.5941736037788417
2024,BOT,C3,3,-0.2227915809947234
2024,BOT,C3,3,0.37059044178938905
2024,BOT,C3,3,0.13197246457347944
2024,BOT,C3,3,-0.02064551264241743
2024,BOT,C3,3,0.23173651014170105
2024,BOT,C3,3,0.33311853292580906
2024,BOT,C3,3,0.8855005557099105
2024,BOT,C3,3,1.3138825784940167
2024,BOT,C3,3,0.4392646012781256
2024,BOT,C3,3,1.0856466240622353
2024,BOT,C3,3,0.4010286468463278
2024,BOT,C3,3,0.34041066963044386
2024,BOT,C3,3,0.24079269241455847
2024,BOT,C3,3,0.6521747151986688
2024,BOT,C3,3,0.03655673798276382
2024,BOT,C3,3,1.011938760766867
2024,BOT,C3,3,1.235320783550975
2024,BOT,C3,3,0.8307028063350828
2024,BOT,C3,3,3.0880848291191825
2024,BOT,C3,3,3.5404668519032896
2024,BOT,C3,3,0.21284887468740976
2024,BOT,C3,3,2.1252308974715106
2024,BOT,C3,3,0.9616129202556181
2024,BOT,C3,3,-0.14500505696027233
2024,BOT,C3,3,0.15937696582383865
2024,BOT,C3,3,0.566758988607944
2024,BOT,C3,3,3.1521410113920325
2024,BOT,C3,3,0.7785230341761462
2024,BOT,C3,3,1.0679050569602566
2024,BOT,C3,3,0.5222870797443733
2024,BOT,C3,3,-2.478330897471537
2024,BOT,C3,3,-2.4479488746874267
2024,BOT,C3,3,-1.1605668519033117
2024,BOT,C3,3,-0.18018482911919875
2024,BOT,C3,3,0.8251971936648914
2024,BOT,C3,3,2.140579216448998
2024,BOT,C3,3,-0.48903876076688846
2024,BOT,C3,3,-0.16965673798277692
2024,BOT,C3,3,-0.41727471519868686
2024,BOT,C3,3,-0.3138926924145693
2024,BOT,C3,3,-0.7265106696304571
2024,BOT,C3,3,-0.3521286468463529
2024,BOT,C3,3,-0.2587466240622547
2024,BOT,C3,3,-0.7183646012781395
2024,BOT,C3,3,-0.5739825784940393
2024,BOT,C3,3,-0.7996005557099295
2024,BOT,C3,3,-0.6822185329258303
2024,BOT,C3,3,-1.0638365101417122
2024,BOT,C3,3,-0.9944544873576149
2024,BOT,C3,3,-0.27107246457349277
2024,BOT,C3,3,-0.9116904417894034
2024,BOT,C3,3,-0.6353084190052982
2024,BOT,C3,3,1.1190736037788156
2024,BOT,C3,3,-0.5975443734370742
2024,BOT,C3,3,-0.10316235065297974
2024,BOT,C3,3,-0.07478032786886502
2024,GAS,C4,2,5.810073333333293
2024,GAS,C4,2,0.8698706306305866
2024,GAS,C4,2,1.0886679279278866
2024,GAS,C4,2,0.8264652252251778
2024,GAS,C4,2,0.01326252252248139
2024,GAS,C4,2,-0.5599401801802344
2024,GAS,C4,2,-0.02914288288292255
2024,GAS,C4,2,-0.646345585585621
2024,GAS,C4,2,-0.6825482882883307
2024,GAS,C4,2,-0.631750990991037
2024,GAS,C4,2,-0.3309536936937292
2024,GAS,C4,2,-1.8811563963964346
2024,GAS,C4,2,-0.6753590990991398
2024,GAS,C4,2,-0.6275618018018321
2024,GAS,C4,2,0.3392354954954584
2024,GAS,C4,2,-0.7649672072072491
2024,GAS,C4,2,-1.5981699099099558
2024,GAS,C4,2,-1.1873726126126485
2024,GAS,C4,2,-1.5065753153153452
2024,GAS,C4,2,-0.7687780180180539
2024,GAS,C4,2,0.043019279279235434
2024,GAS,C4,2,-0.2541834234234557
2024,GAS,C4,2,-0.7713861261261599
2024,GAS,C4,2,-0.49058882882886223
2024,GAS,C4,2,-0.5027915315315568
2024,GAS,C4,2,-0.7349942342342644
2024,GAS,C4,2,-1.5281969369369648
2024,GAS,C4,2,0.9196003603603202
2024,GAS,C4,2,0.6423976576576393
2024,GAS,C4,2,0.39619495495492174
2024,GAS,C4,2,0.29999225225222403
2024,GAS,C4,2,0.1457895495495336
2024,GAS,C4,2,-1.184413153153173
2024,GAS,C4,2,-0.9096158558558898
2024,GAS,C4,2,-0.4508185585585949
2024,GAS,C4,2,-0.9380212612612837
2024,GAS,C4,2,0.01377603603600619
2024,GAS,C4,2,0.13757333333330735
2024,GAS,C4,2,0.013370630630603841
2024,GAS,C4,2,-0.14983207207208693
2024,GAS,C4,2,0.980965225225205
2024,GAS,C4,2,0.6137625225224923
2024,GAS,C4,2,-0.5654401801801896
2024,GAS,C4,2,0.08235711711709826
2024,GAS,C4,2,-0.39284558558560434
2024,GAS,C4,2,0.09695171171168226
2024,GAS,C4,2,0.8257490090090016
2024,GAS,C4,2,1.3745463063062857
2024,GAS,C4,2,4.8843436036035826
2024,GAS,C4,2,0.21414090090087257
2024,GAS,C4,2,0.44793819819818737
2024,GAS,C4,2,-0.31826450450452626
2024,GAS,C4,2,0.05753279279277024
2024,GAS,C4,2,0.4143300900900755
2024,GAS,C4,2,0.21812738738736925
2024,GAS,C4,2,-0.07307531531533584
2024,GAS,C4,2,2.267721981981964
2024,GAS,C4,2,1.186519279279267
2024,GAS,C4,2,1.4163165765765626
2024,GAS,C4,2,-0.46188612612614577
2024,GAS,C4,2,0.2839111711711553
2024,GAS,C4,2,0.05670846846845734
2024,GAS,C4,2,0.4685057657657552
2024,GAS,C4,2,0.03430306306304942
2024,GAS,C4,2,-0.007899639639646239
2024,GAS,C4,2,-0.027102342342345764
2024,GAS,C4,2,-0.14930504504505393
2024,GAS,C4,2,-0.6535077477477529
2024,GAS,C4,2,-0.2527104504504507
2024,GAS,C4,2,0.04908684684684772
2024,GAS,C4,2,-0.28111585585585885
2024,GAS,C4,2,-1.5243185585585763
2024,GAS,C4,2,-0.03352126126125654
2024,GAS,C4,2,-0.5777239639639618
2024,GAS,C4,2,-2.408926666666673
2024,HAM,C4,2,4.712836734693894
2024,HAM,C4,2,1.1382266608771374
2024,HAM,C4,2,1.5096165870603642
2024,HAM,C4,2,1.3460065132436085
2024,HAM,C4,2,-0.4526035605731664
2024,HAM,C4,2,-0.19621363438992034
2024,HAM,C4,2,0.15017629179332914
2024,HAM,C4,2,-0.15643378202344138
2024,HAM,C4,2,-0.16104385584019099
2024,HAM,C4,2,-0.2146539296569614
2024,HAM,C4,2,-1.1002640034737112
2024,HAM,C4,2,-1.037874077290482
2024,HAM,C4,2,-1.085484151107238
2024,HAM,C4,2,-0.5650942249239961
2024,HAM,C4,2,-1.103704298740766
2024,HAM,C4,2,-0.6973143725575142
2024,HAM,C4,2,-0.7529244463742941
2024,HAM,C4,2,-0.015534520191039292
2024,HAM,C4,2,-0.6521445940077939
2024,HAM,C4,2,0.28524533217543535
2024,HAM,C4,2,-1.1083647416413243
2024,HAM,C4,2,-1.3049748154580953
2024,HAM,C4,2,-0.640584889274848
2024,HAM,C4,2,-0.013194963091621048
2024,HAM,C4,2,-1.218805036908364
2024,HAM,C4,2,-1.0734151107251222
2024,HAM,C4,2,-0.6130251845418968
2024,HAM,C4,2,-1.0746352583586543
2024,HAM,C4,2,-0.8672453321754148
2024,HAM,C4,2,-0.6128554059921782
2024,HAM,C4,2,-0.37746547980893297
2024,HAM,C4,2,-0.1560755536256977
2024,HAM,C4,2,0.6093143725575487
2024,HAM,C4,2,1.8467042987407751
2024,HAM,C4,2,-0.08890577507597186
2024,HAM,C4,2,1.9274841511072651
2024,HAM,C4,2,0.4638740772904981
2024,HAM,C4,2,0.30126400347374727
2024,HAM,C4,2,0.6816539296569744
2024,HAM,C4,2,-0.6149561441597768
2024,HAM,C4,2,-0.18256621797654304
2024,HAM,C4,2,0.282823708206692
2024,HAM,C4,2,0.32121363438994877
2024,HAM,C4,2,0.376603560573173
2024,HAM,C4,2,0.710993486756422
2024,HAM,C4,2,0.318383412939653
2024,HAM,C4,2,-0.00722666087710877
2024,HAM,C4,2,1.1631632653061388
2024,HAM,C3,3,0.490128205128201
2024,HAM,C3,3,0.4437025641025656
2024,HAM,C3,3,0.5712769230769226
2024,HAM,C3,3,-1.4741487179487223
2024,HAM,C3,3,1.983425641025633
2024,HAM,C3,3,1.0049999999999955
2024,HAM,C3,3,-1.6224256410256572
2024,HAM,C3,3,0.04514871794872022
2024,HAM,C3,3,-0.5052769230769201
2024,HAM,C3,3,-0.3417025641025617
2024,HAM,C3,3,-1.5671282051281992
2024,HAM,C3,3,0.45544615384615383
2024,HAM,C3,3,-0.49497948717949214
2024,HAM,C3,3,-0.31940512820513334
2024,HAM,C3,3,0.4791692307692301
2024,HAM,C3,3,0.221743589743582
2024,HAM,C3,3,0.057317948717937384
2024,HAM,C3,3,0.07089230769230426
2024,HAM,C3,3,0.09946666666665749
2024,HAM,C3,3,-0.05195897435898189
2024,HAM,C3,3,-0.3623846153846131
2024,HAM,C3,3,-0.14881025641025758
2024,HAM,C3,3,-0.1252358974358998
2024,HAM,C3,3,-0.18066153846153554
2024,HAM,C3,3,0.2949128205128204
2024,HAM,C3,3,0.9764871794871794
2024,LEC,C3,2,3.6506336295284
2024,LEC,C3,2,1.7192156801094
2024,LEC,C3,2,0.956797730690397
2024,LEC,C3,2,0.3743797812713865
2024,LEC,C3,2,0.27696183185240386
2024,LEC,C3,2,0.3945438824333962
2024,LEC,C3,2,-0.4538740669856054
2024,LEC,C3,2,0.27470798359539117
2024,LEC,C3,2,0.6132900341763872
2024,LEC,C3,2,-0.11312791524262877
2024,LEC,C3,2,-1.2805458646616188
2024,LEC,C3,2,-0.3169638140806228
2024,LEC,C3,2,-0.32438176349963044
2024,LEC,C3,2,0.061200287081376814
2024,LEC,C3,2,0.25178233766236247
2024,LEC,C3,2,-0.3796356117566404
2024,LEC,C3,2,-1.0500535611756305
2024,LEC,C3,2,-1.1004715105946303
2024,LEC,C3,2,-1.2848894600136447
2024,LEC,C3,2,-1.0693074094326391
2024,LEC,C3,2,-1.16372535885165
2024,LEC,C3,2,-0.829143308270659
2024,LEC,C3,2,-0.5135612576896449
2024,LEC,C3,2,-0.9739792071086555
2024,LEC,C3,2,-1.0003971565276544
2024,LEC,C3,2,-0.5738151059466645
2024,LEC,C3,2,-0.1632330553656658
2024,LEC,C3,2,0.7863489952153344
2024,LEC,C3,2,-0.6880689542036578
2024,LEC,C3,2,0.11151309637733675
2024,LEC,C3,2,-0.4519048530416683
2024,LEC,C3,2,0.44067719753932977
2024,LEC,C3,2,-0.2807407518796765
2024,LEC,C3,2,-0.05415870129868949
2024,LEC,C3,2,0.24942334928232412
2024,LEC,C3,2,-0.07999460013667203
2024,LEC,C3,2,-0.35941254955568525
2024,LEC,C3,2,0.26016950102531666
2024,LEC,C3,2,0.2887515516063104
2024,LEC,C3,2,0.939333602187304
2024,LEC,C3,2,-0.40508434723169273
2024,LEC,C3,2,0.07349770334930383
2024,LEC,C3,2,0.4060797539302996
2024,LEC,C3,2,0.49966180451129105
2024,LEC,C3,2,1.1852438550922955
2024,LEC,C3,2,0.00882590567329089
2024,LEC,C3,2,0.641407956254298
2024,LEC,C3,2,0.3879900068352953
2024,LEC,C3,2,0.060572057416294456
2024,LEC,C3,2,0.6491541079972905
2024,LEC,C3,2,0.15373615857828327
2024,LEC,C3,2,-0.16968179084072688
2024,LEC,C3,2,-0.015099740259714167
2024,LEC,C3,2,-0.12551768967871624
2024,LEC,C3,2,0.3160643609022742
2024,LEC,C3,2,-0.22835358851672538
2024,LEC,C3,2,-0.15477153793572995
2024,LEC,C3,2,-0.7071894873547393
2024,LEC,C3,2,-0.19060743677373182
2024,LEC,C3,2,0.46797461380725736
2024,LEC,C3,2,0.052556664388262675
2024,LEC,C3,2,-0.2908612850307435
2024,LEC,C3,2,-0.17627923444975124
2024,LEC,C3,2,-0.22669718386875104
2024,LEC,C3,2,-0.7071151332877434
2024,LEC,C3,2,-0.4985330827067571
2024,LEC,C3,2,-0.13995103212575088
2024,LEC,C3,2,-0.6783689815447644
2024,LEC,C3,2,-1.215786930963759
2024,LEC,C3,2,-0.7632048803827729
2024,LEC,C3,2,-0.023622829801766443
2024,LEC,C3,2,-0.07004077922076135
2024,LEC,C3,2,0.2795412713602303
2024,LEC,C3,2,0.768123321941232
2024,LEC,C3,2,0.9607053725222272
2024,LEC,C3,2,2.731287423103211
2024,NOR,C3,2,4.21918523581688
2024,NOR,C3,2,1.7856778400547455
2024,NOR,C3,2,1.2181704442926247
2024,NOR,C3,2,0.942663048530477
2024,NOR,C3,2,0.03415565276834798
2024,NOR,C3,2,0.09364825700620827
2024,NOR,C3,2,-0.26185913875590927
2024,NOR,C3,2,0.3806334654819352
2024,NOR,C3,2,0.34612606971981563
2024,NOR,C3,2,-0.5233813260423119
2024,NOR,C3,2,-0.5688887218044556
2024,NOR,C3,2,-0.9363961175665878
2024,NOR,C3,2,-0.47890351332871717
2024,NOR,C3,2,-0.5494109090908523
2024,NOR,C3,2,0.21808169514702058
2024,NOR,C3,2,-0.6534257006151307
2024,NOR,C3,2,-0.7039330963772557
2024,NOR,C3,2,-0.8734404921393804
2024,NOR,C3,2,-0.8659478879015126
2024,NOR,C3,2,-0.8004552836636663
2024,NOR,C3,2,-0.5199626794257881
2024,NOR,C3,2,-0.9474700751879226
2024,NOR,C3,2,-0.93897747095005
2024,NOR,C3,2,-1.1154848667121797
2024,NOR,C3,2,-0.7239922624743258
2024,NOR,C3,2,-0.13849965823645505
2024,NOR,C3,2,-0.5430070539985792
2024,NOR,C3,2,-0.8385144497607087
2024,NOR,C3,2,-0.39402184552285746
2024,NOR,C3,2,0.4314707587150082
2024,NOR,C3,2,0.19396336295288563
2024,NOR,C3,2,0.2714559671907466
2024,NOR,C3,2,-0.1900514285713939
2024,NOR,C3,2,-0.25455882433352883
2024,NOR,C3,2,-0.811066220095654
2024,NOR,C3,2,-0.7075736158577826
2024,NOR,C3,2,-0.3310810116199292
2024,NOR,C3,2,0.25741159261794166
2024,NOR,C3,2,0.019904196855819123
2024,NOR,C3,2,1.0043968010936908
2024,NOR,C3,2,1.431889405331546
2024,NOR,C3,2,0.6093820095694156
2024,NOR,C3,2,-0.3321253861927147
2024,NOR,C3,2,0.05336721804515321
2024,NOR,C3,2,0.046859822283011
2024,NOR,C3,2,-0.05164757347912996
2024,NOR,C3,2,0.2178450307587525
2024,NOR,C3,2,0.3263376349966194
2024,NOR,C3,2,-0.05216976076552271
2024,NOR,C3,2,0.46632284347234076
2024,NOR,C3,2,-0.11918455228979496
2024,NOR,C3,2,0.21630805194807579
2024,NOR,C3,2,0.827800656185957
2024,NOR,C3,2,0.668293260423809
2024,NOR,C3,2,0.39578586466167565
2024,NOR,C3,2,0.04327846889954401
2024,NOR,C3,2,-0.16222892686258206
2024,NOR,C3,2,-0.5217363226247329
2024,NOR,C3,2,0.4647562816131483
2024,NOR,C3,2,-1.0557511141489897
2024,NOR,C3,2,-0.1382585099111111
2024,NOR,C3,2,-1.2047659056732556
2024,NOR,C3,2,0.26372669856461073
2024,NOR,C3,2,-0.5977806971975212
2024,NOR,C3,2,-0.6292880929596549
2024,NOR,C3,2,-0.5047954887217969
2024,NOR,C3,2,-0.29530288448393094
2024,NOR,C3,2,0.67118971975394
2024,NOR,C3,2,0.1346823239918109
2024,NOR,C3,2,0.39417492822967404
2024,NOR,C3,2,-0.05433246753246124
2024,NOR,C3,2,0.1571601367054143
2024,NOR,C3,2,0.3126527409432782
2024,NOR,C3,2,0.5341453451811589
2024,NOR,C3,2,0.4426379494190087
2024,NOR,C3,2,1.2941305536568848
2024,PIA,C3,2,4.031809637730717
2024,PIA,C3,2,1.456730854408761
2024,PIA,C3,2,1.2256520710868415
2024,PIA,C3,2,0.6245732877648891
2024,PIA,C3,2,0.14249450444295064
2024,PIA,C3,2,0.4564157211210187
2024,PIA,C3,2,-0.6316630622009285
2024,PIA,C3,2,0.41625815447712
2024,PIA,C3,2,0.4881793711551836
2024,PIA,C3,2,-0.21089941216675356
2024,PIA,C3,2,-1.5369781954887003
2024,PIA,C3,2,-0.204056978810641
2024,PIA,C3,2,0.10986423786741284
2024,PIA,C3,2,-0.2612145454545214
2024,PIA,C3,2,0.0017066712235447312
2024,PIA,C3,2,-0.1303721120984136
2024,PIA,C3,2,-0.7194508954203371
2024,PIA,C3,2,-0.7795296787422785
2024,PIA,C3,2,-1.1696084620642324
2024,PIA,C3,2,-1.1216872453861697
2024,PIA,C3,2,-0.9847660287081084
2024,PIA,C3,2,-0.9428448120300601
2024,PIA,C3,2,-0.7309235953519817
2024,PIA,C3,2,-1.0110023786739362
2024,PIA,C3,2,-0.8640811619958839
2024,PIA,C3,2,-0.5321599453178152
2024,PIA,C3,2,-0.24923872863975305
2024,PIA,C3,2,0.20068248803829647
2024,PIA,C3,2,-0.6823962952836382
2024,PIA,C3,2,-0.09847507860558835
2024,PIA,C3,2,0.05644613807247367
2024,PIA,C3,2,0.03836735475053388
2024,PIA,C3,2,-0.27071142857140273
2024,PIA,C3,2,0.07020978810666634
2024,PIA,C3,2,-0.13586899521529006
2024,PIA,C3,2,0.047052221462763555
2024,PIA,C3,2,-0.25802656185916817
2024,PIA,C3,2,0.3948946548188843
2024,PIA,C3,2,0.3538158714969484
2024,PIA,C3,2,1.3667370881750145
2024,PIA,C3,2,-0.16634169514694008
2024,PIA,C3,2,-0.023420478468878514
2024,PIA,C3,2,-0.15449926179081785
2024,PIA,C3,2,0.450421954887247
2024,PIA,C3,2,0.2903431715652971
2024,PIA,C3,2,0.35026438824336026
2024,PIA,C3,2,0.15518560492141376
2024,PIA,C3,2,0.43310682159946623
2024,PIA,C3,2,0.05602803827754599
2024,PIA,C3,2,0.42494925495559244
2024,PIA,C3,2,-0.1161295283663577
2024,PIA,C3,2,-0.29920831168828954
2024,PIA,C3,2,-0.1522870950102373
2024,PIA,C3,2,-0.07736587833217357
2024,PIA,C3,2,-0.16944466165411143
2024,PIA,C3,2,-0.06152344497606066
2024,PIA,C3,2,-0.2996022282979851
2024,PIA,C3,2,-0.6606810116199284
2024,PIA,C3,2,-0.4427597949418782
2024,PIA,C3,2,-0.05483857826381211
2024,PIA,C3,2,-0.16491736158575065
2024,PIA,C3,2,-0.11299614490769727
2024,PIA,C3,2,-0.5670749282296299
2024,PIA,C3,2,-0.25415371155158084
2024,PIA,C3,2,-0.23423249487352393
2024,PIA,C3,2,-0.16531127819546043
2024,PIA,C3,2,0.6686099384825894
2024,PIA,C3,2,0.6315311551606442
2024,PIA,C3,2,0.6094523718387137
2024,PIA,C3,2,0.14137358851677106
2024,PIA,C3,2,-0.1657051948051702
2024,PIA,C3,2,-0.026783978127113528
2024,PIA,C3,2,0.3251372385509512
2024,PIA,C3,2,0.335058455229003
2024,PIA,C3,2,0.5429796719070623
2024,PIA,C3,2,0.9989008885851263
2024,RIC,C3,2,6.831278045168432
2024,RIC,C3,2,0.7619864556336893
2024,RIC,C3,2,1.0446948660989506
2024,RIC,C3,2,0.11140327656421789
2024,RIC,C3,2,0.17311168702946134
2024,RIC,C3,2,-0.07817990250526918
2024,RIC,C3,2,-0.9204714920400079
2024,RIC,C3,2,-0.40976308157475216
2024,RIC,C3,2,-0.7930546711094877
2024,RIC,C3,2,-0.9833462606442254
2024,RIC,C3,2,-0.7816378501789671
2024,RIC,C3,2,-0.7439294397137104
2024,RIC,C3,2,-0.8952210292484466
2024,RIC,C3,2,-0.8845126187831909
2024,RIC,C3,2,-1.0848042083179337
2024,RIC,C3,2,-0.7760957978526619
2024,RIC,C3,2,-0.5113873873874013
2024,RIC,C3,2,-0.8166789769221623
2024,RIC,C3,2,-0.8789705664568999
2024,RIC,C3,2,-0.7842621559916267
2024,RIC,C3,2,-0.9085537455263619
2024,RIC,C3,2,-1.1598453350611067
2024,RIC,C3,2,-0.41613692459584684
2024,RIC,C3,2,-0.6914285141305783
2024,RIC,C3,2,0.04527989633466234
2024,RIC,C3,2,0.3089883067999324
2024,RIC,C3,2,0.07069671726519289
2024,RIC,C3,2,-0.23159487226953956
2024,RIC,C3,2,-0.36588646180427986
2024,RIC,C3,2,-0.06617805133902266
2024,RIC,C3,2,-0.5484696408737619
2024,RIC,C3,2,-0.04076123040850632
2024,RIC,C3,2,-0.27805281994324105
2024,RIC,C3,2,0.3706555905220199
2024,RIC,C3,2,0.6653640009872817
2024,RIC,C3,2,0.46907241145254375
2024,RIC,C3,2,0.6877808219177979
2024,RIC,C3,2,0.3654892323830552
2024,RIC,C3,2,4.776197642848317
2024,RIC,C3,2,1.1479060533135765
2024,RIC,C3,2,0.7366144637788352
2024,RIC,C3,2,-2.2506771257558995
2024,RIC,C3,2,1.5700312847093585
2024,RIC,C3,2,-2.9562603048253777
2024,RIC,C3,2,1.0054481056398714
2024,RIC,C3,2,-1.7208434838948676
2024,RIC,C3,2,-0.10313507342959838
2024,RIC,C3,2,-0.08142666296433276
2024,RIC,C3,2,2.86828174750093
2024,RIC,C3,2,0.32699015796617914
2024,RIC,C3,2,-0.51330143156855
2024,RIC,C3,2,-0.1695930211033101
2024,RIC,C3,2,2.4431153893619637
2024,RIC,C3,2,0.17082379982721818
2024,RIC,C3,2,-0.31946778970751666
2024,RIC,C3,2,-0.43975937924224695
2024,RIC,C3,2,-0.08305096877698759
2024,RIC,C3,2,-0.47934255831174255
2024,RIC,C3,2,-0.21063414784647705
2024,RIC,C3,2,-0.31992573738121166
2024,RIC,C3,2,-0.4252173269159556
2024,RIC,C3,2,-0.26950891645068964
2024,RIC,C3,2,-0.6888005059854265
2024,RIC,C3,2,-0.6550920955201747
2024,RIC,C3,2,-0.6953836850549209
2024,RIC,C3,2,-0.3626752745896624
2024,RIC,C3,2,0.0200331358756074
2024,RIC,C3,2,-0.5152584536591291
2024,RIC,C3,2,-0.49255004319387297
2024,RIC,C3,2,0.01415836727139208
2024,RIC,C3,2,1.9228667777366582
2024,RIC,C3,2,0.2725751882018983
2024,RIC,C3,2,0.6202835986671715
2024,RUS,C4,2,3.4064284210525955
2024,RUS,C4,2,1.046066571834956
2024,RUS,C4,2,1.3137047226173166
2024,RUS,C4,2,1.3713428733996835
2024,RUS,C4,2,-0.13501897581795674
2024,RUS,C4,2,0.15261917496439992
2024,RUS,C4,2,0.06425732574676601
2024,RUS,C4,2,0.25289547652913313
2024,RUS,C4,2,0.26453362731149355
2024,RUS,C4,2,-0.7808282219061482
2024,RUS,C4,2,-0.4811900711237769
2024,RUS,C4,2,-0.6435519203414231
2024,RUS,C4,2,-0.6229137695590623
2024,RUS,C4,2,-0.8212756187767098
2024,RUS,C4,2,-0.4936374679943327
2024,RUS,C4,2,-1.1149993172119679
2024,RUS,C4,2,-0.30536116642961986
2024,RUS,C4,2,-0.3187230156472509
2024,RUS,C4,2,-0.49308486486489755
2024,RUS,C4,2,-0.4994467140825236
2024,RUS,C4,2,-0.7028085633001666
2024,RUS,C4,2,-0.5251704125178094
2024,RUS,C4,2,-1.2675322617354396
2024,RUS,C4,2,-0.8218941109530817
2024,RUS,C4,2,-0.8102559601707071
2024,RUS,C4,2,-0.9676178093883578
2024,RUS,C4,2,-0.9319796586059965
2024,RUS,C4,2,-0.6543415078236308
2024,RUS,C4,2,-0.2737033570412706
2024,RUS,C4,2,-0.16206520625891585
2024,RUS,C4,2,-0.283427055476551
2024,RUS,C4,2,0.27621109530582544
2024,RUS,C4,2,1.4358492460881678
2024,RUS,C4,2,0.806487396870537
2024,RUS,C4,2,-0.07387445234709844
2024,RUS,C4,2,-0.29423630156473735
2024,RUS,C4,2,-0.19959815078237853
2024,RUS,C4,2,-0.41996000000001743
2024,RUS,C4,2,-0.16032184921763815
2024,RUS,C4,2,-0.17368369843529763
2024,RUS,C4,2,0.3969544523470745
2024,RUS,C4,2,-0.019407396870562366
2024,RUS,C4,2,0.34323075391179714
2024,RUS,C4,2,0.37186890469415346
2024,RUS,C4,2,0.3895070554765141
2024,RUS,C4,2,0.8681452062588875
2024,RUS,C4,2,1.2417833570412427
2024,RUS,C4,2,0.7944215078236141
2024,RUS,C4,2,0.4870596586059719
2024,RUS,C4,2,1.1306978093883373
2024,RUS,C4,2,0.8203359601706808
2024,RUS,C4,2,0.014974110953062336
2024,RUS,C4,2,-0.1283877382645784
2024,RUS,C4,2,-0.19874958748222582
2024,RUS,C4,2,0.12388856330014164
2024,RUS,C4,2,-0.08547328591750158
2024,RUS,C4,2,-0.232835135135133
2024,RUS,C4,2,-0.04919698435277553
2024,RUS,C4,2,0.13144116642959602
2024,RUS,C4,2,0.016079317211961097
2024,RUS,C4,2,-0.3412825320056925
2024,RUS,C4,2,-0.7326443812233236
2024,RUS,C4,2,-0.445006230440967
2024,RUS,C4,2,-0.045368079658601346
2024,RUS,C4,2,-0.1807299288762465
2024,RUS,C4,2,-0.15209177809387597
2024,RUS,C4,2,-0.679453627311517
2024,RUS,C4,2,-0.01281547652915549
2024,RUS,C4,2,0.08982267425321311
2024,RUS,C4,2,-0.43053917496443717
2024,RUS,C4,2,-0.19190102418205868
2024,RUS,C4,2,0.047737126600296165
2024,RUS,C4,2,0.36637527738265874
2024,RUS,C4,2,0.23601342816500903
2024,RUS,C4,2,1.097651578947378
2024,SAI,C3,2,3.9879494190020637
2024,SAI,C3,2,1.4006419958988516
2024,SAI,C3,2,1.0873345727956263
2024,SAI,C3,2,0.3390271496924271
2024,SAI,C3,2,0.7087197265892087
2024,SAI,C3,2,-0.4185876965139954
2024,SAI,C3,2,-0.09889511961721098
2024,SAI,C3,2,0.701797457279568
2024,SAI,C3,2,-0.24450996582365292
2024,SAI,C3,2,-0.44981738892684575
2024,SAI,C3,2,-0.3401248120300693
2024,SAI,C3,2,-0.8104322351332769
2024,SAI,C3,2,-0.6807396582364902
2024,SAI,C3,2,0.4219529186602813
2024,SAI,C3,2,-0.014354504442934513
2024,SAI,C3,2,-0.8466619275461227
2024,SAI,C3,2,-0.5119693506493519
2024,SAI,C3,2,-0.48727677375255496
2024,SAI,C3,2,-0.9065841968557748
2024,SAI,C3,2,-0.8678916199589963
2024,SAI,C3,2,-0.6971990430621986
2024,SAI,C3,2,-1.0555064661654114
2024,SAI,C3,2,-1.0198138892686188
2024,SAI,C3,2,-1.4021213123718468
2024,SAI,C3,2,0.06657126452493856
2024,SAI,C3,2,-0.0757361585782661
2024,SAI,C3,2,-0.5930435816814708
2024,SAI,C3,2,-1.8973510047846958
2024,SAI,C3,2,0.6273415721121012
2024,SAI,C3,2,1.0460341490088751
2024,SAI,C3,2,-0.24527327409433042
2024,SAI,C3,2,0.05641930280245333
2024,SAI,C3,2,-0.42488812030074996
2024,SAI,C3,2,0.45180445659603663
2024,SAI,C3,2,-1.1795029665071866
2024,SAI,C3,2,-0.2778103896103943
2024,SAI,C3,2,-0.31311781271361383
2024,SAI,C3,2,0.09657476418318822
2024,SAI,C3,2,0.22426734107996538
2024,SAI,C3,2,0.7479599179767575
2024,SAI,C3,2,1.2376524948735295
2024,SAI,C3,2,0.47234507177032015
2024,SAI,C3,2,-0.3379623513328909
2024,SAI,C3,2,0.5747302255638971
2024,SAI,C3,2,0.051422802460692196
2024,SAI,C3,2,-0.12888462064252337
2024,SAI,C3,2,0.30280795625425583
2024,SAI,C3,2,0.6555005331510415
2024,SAI,C3,2,-0.29480688995215587
2024,SAI,C3,2,0.33788568694461674
2024,SAI,C3,2,0.0695782638414073
2024,SAI,C3,2,0.11927084073819572
2024,SAI,C3,2,1.104963417634977
2024,SAI,C3,2,0.6296559945317597
2024,SAI,C3,2,0.1763485714285622
2024,SAI,C3,2,0.14504114832534754
2024,SAI,C3,2,-0.15526627477787258
2024,SAI,C3,2,-2.0635736978810826
2024,SAI,C3,2,1.8901188790157022
2024,SAI,C3,2,-2.3631885440875067
2024,SAI,C3,2,1.1845040328092722
2024,SAI,C3,2,-2.1428033902939347
2024,SAI,C3,2,1.2478891866028476
2024,SAI,C3,2,-1.4134182365003625
2024,SAI,C3,2,0.09127434039641003
2024,SAI,C3,2,-1.0940330827067868
2024,SAI,C3,2,-0.4043405058099978
2024,SAI,C3,2,0.5613520710867874
2024,SAI,C3,2,0.7250446479835659
2024,SAI,C3,2,0.3627372248803482
2024,SAI,C3,2,0.06142980177713753
2024,SAI,C3,2,-0.22587762132606315
2024,SAI,C3,2,0.6828149555707199
2024,SAI,C3,2,0.17250753246750605
2024,SAI,C3,2,0.6122001093642808
2024,SAI,C3,2,1.0498926862610745
2024,SAR,C3,2,7.66397104377107
2024,SAR,C3,2,1.3036709484785263
2024,SAR,C3,2,1.3303708531859826
2024,SAR,C3,2,0.4300707578934322
2024,SAR,C3,2,0.6247706626008807
2024,SAR,C3,2,-0.018529432691664738
2024,SAR,C3,2,-0.5258295279842145
2024,SAR,C3,2,-0.226129623276762
2024,SAR,C3,2,-0.6434297185693083
2024,SAR,C3,2,-0.6967298138618645
2024,SAR,C3,2,-0.5670299091543995
2024,SAR,C3,2,-0.8123300044469488
2024,SAR,C3,2,-0.6566300997394876
2024,SAR,C3,2,-1.3159301950320383
2024,SAR,C3,2,-0.9112302903245819
2024,SAR,C3,2,-0.8615303856171295
2024,SAR,C3,2,-0.6368304809096799
2024,SAR,C3,2,-0.9701305762022372
2024,SAR,C3,2,-0.939430671494776
2024,SAR,C3,2,-0.8567307667873223
2024,SAR,C3,2,-1.1260308620798725
2024,SAR,C3,2,-1.289330957372428
2024,SAR,C3,2,-0.7466310526649664
2024,SAR,C3,2,-0.6859311479575183
2024,SAR,C3,2,-0.34923124325007393
2024,SAR,C3,2,0.05846866145738261
2024,SAR,C3,2,-0.17683143383516153
2024,SAR,C3,2,-0.6361315291277094
2024,SAR,C3,2,-0.6664316244202553
2024,SAR,C3,2,-0.6097317197127978
2024,SAR,C3,2,-0.8420318150053419
2024,SAR,C3,2,-0.5993319102978916
2024,SAR,C3,2,-0.718632005590436
2024,SAR,C3,2,-0.13393210088298702
2024,SAR,C3,2,0.17076780382446088
2024,SAR,C3,2,-0.06753229146808337
2024,SAR,C3,2,0.10916761323936441
2024,SAR,C3,2,0.6508675179468213
2024,SAR,C3,2,3.283567422654272
2024,SAR,C3,2,0.8102673273617285
2024,SAR,C3,2,-0.4730327679308175
2024,SAR,C3,2,-1.4793328632233766
2024,SAR,C3,2,-0.2356329585159216
2024,SAR,C3,2,-0.7969330538084733
2024,SAR,C3,2,-0.9982331491010115
2024,SAR,C3,2,0.11846675560643405
2024,SAR,C3,2,3.149166660313881
2024,SAR,C3,2,-0.49013343497865947
2024,SAR,C3,2,1.069566469728798
2024,SAR,C3,2,0.06726637443625805
2024,SAR,C3,2,0.6399662791437066
2024,SAR,C3,2,1.6456661838511621
2024,SAR,C3,2,-0.2666339114413887
2024,SAR,C3,2,0.9000659932660682
2024,SAR,C4,3,-1.2031520467836003
2024,SAR,C4,3,-1.2559446164430454
2024,SAR,C4,3,-1.316737186102472
2024,SAR,C4,3,-1.3885297557619225
2024,SAR,C4,3,-1.2643223254213751
2024,SAR,C4,3,-0.09611489508081661
2024,SAR,C4,3,2.839092535259738
2024,SAR,C4,3,3.7302999656002953
2024,SAR,C4,3,3.239507395940848
2024,SAR,C4,3,2.857714826281409
2024,SAR,C4,3,-1.1080777433780469
2024,SAR,C4,3,-0.3578703130374805
2024,SAR,C4,3,-0.9366628826969361
2024,SAR,C4,3,-0.8994554523563778
2024,SAR,C4,3,-0.9702480220158094
2024,SAR,C4,3,-0.5160405916752637
2024,SAR,C4,3,-1.0938331613347145
2024,SAR,C4,3,-0.259625730994145
2024,STR,C4,2,5.36808589743589
2024,STR,C4,2,0.5143067476383152
2024,STR,C4,2,0.9865275978407482
2024,STR,C4,2,0.32774844804318093
2024,STR,C4,2,0.07996929824561505
2024,STR,C4,2,-0.8058098515519561
2024,STR,C4,2,-0.2735890013495208
2024,STR,C4,2,-0.5433681511471065
2024,STR,C4,2,-0.6561473009446814
2024,STR,C4,2,-0.6069264507422361
2024,STR,C4,2,-0.6687056005398233
2024,STR,C4,2,-1.460484750337372
2024,STR,C4,2,-1.0112639001349493
2024,STR,C4,2,-0.5080430499325246
2024,STR,C4,2,0.36817780026990476
2024,STR,C4,2,-0.8086013495276774
2024,STR,C4,2,-1.0583804993252386
2024,STR,C4,2,-1.9181596491228134
2024,STR,C4,2,-2.2049387989203666
2024,STR,C4,2,0.18128205128205366
2024,STR,C4,2,0.15750290148449153
2024,STR,C4,2,0.6857237516869077
2024,STR,C4,2,-0.33405539811064955
2024,STR,C4,2,-0.1558345479082277
2024,STR,C4,2,-0.34261369770580075
2024,STR,C4,2,-0.42339284750336503
2024,STR,C4,2,-0.9951719973009432
2024,STR,C4,2,1.0580488529014929
2024,STR,C4,2,2.266269703103916
2024,STR,C4,2,1.0784905533063522
2024,STR,C4,2,0.4577114035087817
2024,STR,C4,2,-0.19406774628879475
2024,STR,C4,2,-0.3908468960863587
2024,STR,C4,2,-0.4956260458839381
2024,STR,C4,2,-0.05940519568149227
2024,STR,C4,2,0.103815654520929
2024,STR,C4,2,0.360036504723368
2024,STR,C4,2,1.0382573549257899
2024,STR,C4,2,0.8834782051282133
2024,STR,C5,4,-0.41420105820105846
2024,STR,C5,4,-1.2398408628408646
2024,STR,C5,4,-0.8914806674806783
2024,STR,C5,4,3.28587952787953
2024,STR,C5,4,2.290239723239722
2024,STR,C5,4,1.6625999185999092
2024,STR,C5,4,-1.041039886039897
2024,STR,C5,4,-1.4256796906796865
2024,STR,C5,4,-1.2033194953194908
2024,STR,C5,4,-1.6689592999593117
2024,STR,C5,4,-1.0725991045991208
2024,STR,C5,4,-0.1202389092389069
2024,STR,C5,4,0.6321212861212757
2024,STR,C5,4,0.6424814814814681
2024,STR,C5,4,-0.052158323158337794
2024,STR,C5,4,0.23520187220185562
2024,STR,C5,4,0.23156206756206643
2024,STR,C5,4,0.0999222629222487
2024,STR,C5,4,-0.49871754171755356
2024,STR,C5,4,-0.3003573463573588
2024,STR,C5,4,-0.03799715099715684
2024,STR,C5,4,-0.1506369556369691
2024,STR,C5,4,-0.30227676027678285
2024,STR,C5,4,2.055083435083418
2024,STR,C5,4,-0.44355636955639
2024,STR,C5,4,-0.18219617419619283
2024,STR,C5,4,-0.08983597883599259
2024,TSU,C3,2,5.117001052631551
2024,TSU,C3,2,0.947773997155025
2024,TSU,C3,2,1.180546941678486
2024,TSU,C3,2,0.9783198862019589
2024,TSU,C3,2,-0.3529071692745731
2024,TSU,C3,2,-0.4611342247510919
2024,TSU,C3,2,-0.14936128022762318
2024,TSU,C3,2,-0.38758833570416584
2024,TSU,C3,2,-0.62281539118068
2024,TSU,C3,2,-0.7560424466572044
2024,TSU,C3,2,-1.0962695021337368
2024,TSU,C3,2,-0.4624965576102795
2024,TSU,C3,2,-1.5457236130867926
2024,TSU,C3,2,-0.7309506685633238
2024,TSU,C3,2,-1.17617772403986
2024,TSU,C3,2,-0.8324047795163949
2024,TSU,C3,2,-0.6076318349929153
2024,TSU,C3,2,-1.3198588904694333
2024,TSU,C3,2,-0.6870859459459666
2024,TSU,C3,2,-0.3023130014225046
2024,TSU,C3,2,-0.6605400568990234
2024,TSU,C3,2,-0.6577671123755522
2024,TSU,C3,2,-0.6479941678520902
2024,TSU,C3,2,-0.46222122332862625
2024,TSU,C3,2,-0.5574482788051398
2024,TSU,C3,2,-0.5926753342816653
2024,TSU,C3,2,-0.8729023897581953
2024,TSU,C3,2,-0.14812944523472993
2024,TSU,C3,2,-0.3863565007112584
2024,TSU,C3,2,0.5134164438122184
2024,TSU,C3,2,0.30618938833568166
2024,TSU,C3,2,-1.2230376671408436
2024,TSU,C3,2,-1.336264722617372
2024,TSU,C3,2,-0.7704917780938985
2024,TSU,C3,2,-0.10471883357043055
2024,TSU,C3,2,0.008054110953040095
2024,TSU,C3,2,-0.187172944523482
2024,TSU,C3,2,-0.23040000000000305
2024,TSU,C3,2,0.8633729445234621
2024,TSU,C3,2,0.4781458890469139
2024,TSU,C3,2,0.3599188335704042
2024,TSU,C3,2,0.6856917780938829
2024,TSU,C3,2,0.5024647226173471
2024,TSU,C3,2,0.7192376671408027
2024,TSU,C3,2,0.9180106116642861
2024,TSU,C3,2,1.101783556187769
2024,TSU,C3,2,0.7345565007112214
2024,TSU,C3,2,0.24532944523468814
2024,TSU,C3,2,-0.6008976102418302
2024,TSU,C3,2,0.9398753342816519
2024,TSU,C3,2,0.746648278805111
2024,TSU,C3,2,6.729421223328572
2024,TSU,C3,2,0.8071941678520602
2024,TSU,C3,2,-0.405032887624472
2024,TSU,C3,2,-0.34125994310100793
2024,TSU,C3,2,-0.03648699857754423
2024,TSU,C3,2,-0.671714054054064
2024,TSU,C3,2,1.0190588904694238
2024,TSU,C3,2,1.7248318349928837
2024,TSU,C3,2,0.8686047795163461
2024,TSU,C3,2,4.778377724039828
2024,TSU,C3,2,-0.741849331436697
2024,TSU,C3,2,-1.2870763869132276
2024,TSU,C3,2,-0.04230344238976613
2024,TSU,C3,2,-0.024530497866294354
2024,TSU,C3,2,0.10324244665719107
2024,TSU,C3,2,1.9930153911806485
2024,TSU,C3,2,1.3747883357041104
2024,TSU,C3,2,0.35256128022759015
2024,TSU,C3,2,-0.7596657752489335
2024,TSU,C3,2,-1.8168928307254646
2024,TSU,C3,2,-2.2431198862019954
2024,TSU,C3,2,-2.646346941678516
2024,TSU,C3,2,-2.3665739971550437
2024,TSU,C3,2,-2.784801052631579
2024,VER,C4,2,3.6999975510204592
2024,VER,C4,2,1.326061428571478
2024,VER,C4,2,1.546125306122505
2024,VER,C4,2,2.0281891836735184
2024,VER,C4,2,-0.3807469387754594
2024,VER,C4,2,0.08831693877554869
2024,VER,C4,2,0.2663808163265742
2024,VER,C4,2,-0.13455530612240807
2024,VER,C4,2,0.20850857142862367
2024,VER,C4,2,-0.5294275510203619
2024,VER,C4,2,-1.1893636734693445
2024,VER,C4,2,-1.275299795918329
2024,VER,C4,2,-0.5332359183672963
2024,VER,C4,2,-0.5211720408162819
2024,VER,C4,2,-0.8151081632652648
2024,VER,C4,2,-1.0380442857142498
2024,VER,C4,2,-0.3519804081632145
2024,VER,C4,2,-0.5419165306122125
2024,VER,C4,2,-0.07785265306119982
2024,VER,C4,2,-0.4247887755101658
2024,VER,C4,2,-1.1637248979591561
2024,VER,C4,2,-0.6836610204081239
2024,VER,C4,2,-0.5725971428571199
2024,VER,C4,2,-1.0395332653060905
2024,VER,C4,2,-0.9654693877550784
2024,VER,C4,2,-0.9854055102040462
2024,VER,C4,2,-0.7773416326530338
2024,VER,C4,2,-0.9032777551020104
2024,VER,C4,2,-0.8182138775510026
2024,VER,C4,2,-0.3041499999999644
2024,VER,C4,2,-0.18708612244896017
2024,VER,C4,2,0.49697775510206554
2024,VER,C4,2,1.205041632653078
2024,VER,C4,2,0.7271055102041117
2024,VER,C4,2,0.6171693877551263
2024,VER,C4,2,0.12723326530613122
2024,VER,C4,2,-0.2957028571428424
2024,VER,C4,2,-0.1176389795918169
2024,VER,C4,2,-0.34857510204079745
2024,VER,C4,2,-0.2625112244897849
2024,VER,C4,2,0.11655265306124818
2024,VER,C4,2,0.2586165306122581
2024,VER,C4,2,0.2616804081632864
2024,VER,C4,2,0.24674428571429985
2024,VER,C4,2,0.6758081632653301
2024,VER,C4,2,0.5708720408163401
2024,VER,C4,2,0.8059359183673678
2024,VER,C4,2,1.3039997959183722
2024,VER,C4,2,0.6610636734693998
2024,VER,C3,3,0.2281200000000183
2024,VER,C3,3,-0.19673999999999126
2024,VER,C3,3,-0.13659999999998718
2024,VER,C3,3,0.5705400000000083
2024,VER,C3,3,-1.0493199999999803
2024,VER,C3,3,-0.8781799999999862
2024,VER,C3,3,-0.39603999999998507
2024,VER,C3,3,-0.5208999999999975
2024,VER,C3,3,0.9112400000000207
2024,VER,C3,3,0.8893800000000027
2024,VER,C3,3,0.9535200000000117
2024,VER,C3,3,-0.20533999999999253
2024,VER,C3,3,0.4398000000000053
2024,VER,C3,3,0.5869399999999985
2024,VER,C3,3,0.257080000000002
2024,VER,C3,3,-0.24178000000000566
2024,VER,C3,3,-0.2636399999999952
2024,VER,C3,3,-0.061499999999995225
2024,VER,C3,3,0.004640000000009081
2024,VER,C3,3,-0.30021999999999593
2024,VER,C3,3,-0.3640800000000013
2024,VER,C3,3,-0.3559400000000039
2024,VER,C3,3,-0.11879999999999313
2024,VER,C3,3,-0.22466000000000008
2024,VER,C3,3,0.47248000000000445
2024,ZHO,C3,2,7.88879762949955
2024,ZHO,C3,2,1.2314704286056184
2024,ZHO,C3,2,1.0681432277117011
2024,ZHO,C3,2,0.2638160268177785
2024,ZHO,C3,2,0.5894888259238371
2024,ZHO,C3,2,-0.12183837497008199
2024,ZHO,C3,2,-0.45316557586400563
2024,ZHO,C3,2,-0.27849277675792905
2024,ZHO,C3,2,-0.618819977651853
2024,ZHO,C3,2,-0.9481471785457813
2024,ZHO,C3,2,-0.5714743794397066
2024,ZHO,C3,2,-0.7958015803336309
2024,ZHO,C3,2,-0.5721287812275619
2024,ZHO,C3,2,-1.497455982121494
2024,ZHO,C3,2,-0.958783183015413
2024,ZHO,C3,2,-0.9861103839093346
2024,ZHO,C3,2,-0.436437584803258
2024,ZHO,C3,2,-0.9117647856971871
2024,ZHO,C3,2,-1.1060919865911103
2024,ZHO,C3,2,-0.6514191874850468
2024,ZHO,C3,2,-0.9017463883789674
2024,ZHO,C3,2,-1.3060735892728985
2024,ZHO,C3,2,-0.8494007901668112
2024,ZHO,C3,2,-0.7027279910607405
2024,ZHO,C3,2,-0.23805519195465763
2024,ZHO,C3,2,0.025617607151417587
2024,ZHO,C3,2,-0.11170959374251765
2024,ZHO,C3,2,-0.36503679463645256
2024,ZHO,C3,2,-0.5623639955303759
2024,ZHO,C3,2,-0.5456911964243005
2024,ZHO,C3,2,-0.6100183973182141
2024,ZHO,C3,2,-0.5103455982121403
2024,ZHO,C3,2,-0.8336727991060684
2024,ZHO,C3,2,-0.17899999999998784
2024,ZHO,C3,2,0.32467279910606806
2024,ZHO,C3,2,0.006345598212149639
2024,ZHO,C3,2,0.19001839731822656
2024,ZHO,C3,2,3.966691196424293
2024,ZHO,C3,2,0.1653639955303703
2024,ZHO,C3,2,1.0360367946364448
2024,ZHO,C3,2,-0.3022904062574696
2024,ZHO,C3,2,-1.229617607151411
2024,ZHO,C3,2,-0.11294480804532725
2024,ZHO,C3,2,-0.6122720089392573
2024,ZHO,C3,2,-0.642599209833179
2024,ZHO,C3,2,1.804073589272889
2024,ZHO,C3,2,1.497746388378971
2024,ZHO,C3,2,0.35041918748504486
2024,ZHO,C3,2,0.40709198659112644
2024,ZHO,C3,2,0.45576478569718404
2024,ZHO,C3,2,0.9014375848032614
2024,ZHO,C3,2,1.7201103839093435
2024,ZHO,C3,2,1.0067831830154148
2024,ZHO,C3,2,-0.036544017878512136
2024,ZHO,C3,2,0.8081287812275662
2024,ZHO,C3,2,-1.4751984196663557
2024,ZHO,C3,2,-2.2935256205602883
2024,ZHO,C3,2,-1.6438528214542174
2024,ZHO,C3,2,-1.4411800223481492
2024,ZHO,C3,2,-1.2905072232420736
2024,ZHO,C3,2,-1.277834424135989
2024,ZHO,C3,2,-0.7311616250299124
2024,ZHO,C3,2,-0.2664888259238438
2024,ZHO,C3,2,-0.19581602681776644
2024,ZHO,C3,2,0.4528567722882997
2024,ZHO,C3,2,5.353529571394375
2024,ZHO,C3,2,0.6612023705004475
2024,ZHO,C5,3,1.4807999999999737
2024,ZHO,C5,3,-3.137299999999996
2024,ZHO,C5,3,2.8366000000000042
2024,ZHO,C5,3,-2.1844999999999715
2024,ZHO,C5,3,1.0044000000000466
2025,ALB,C4,1,26.106319999999997
2025,ALB,C4,1,-5.079920000000001
2025,ALB,C4,1,-3.618160000000003
2025,ALB,C4,1,-3.2563999999999993
2025,ALB,C4,1,-3.571640000000002
2025,ALB,C4,1,-3.8818800000000095
2025,ALB,C4,1,-3.7971200000000067
2025,ALB,C4,1,-2.7233600000000138
2025,ALB,C4,1,-1.8966000000000065
2025,ALB,C4,1,-0.8468400000000145
2025,ALB,C4,1,-0.060080000000013456
2025,ALB,C4,1,-0.3023200000000088
2025,ALB,C4,1,-0.7575600000000122
2025,ALB,C4,1,-1.6077999999999975
2025,ALB,C4,1,-1.9390399999999914
2025,ALB,C4,1,-1.5332799999999907
2025,ALB,C4,1,-1.4775199999999984
2025,ALB,C4,1,-0.5787600000000026
2025,ALB,C4,1,0.6210000000000093
2025,ALB,C4,1,0.732759999999999
2025,ALB,C4,1,1.154520000000005
2025,ALB,C4,1,1.1712799999999959
2025,ALB,C4,1,1.9400399999999962
2025,ALB,C4,1,2.359800000000007
2025,ALB,C4,1,2.842560000000006
2025,ALB,C4,2,1.6562857142857297
2025,ALB,C4,2,-1.4166285714285465
2025,ALB,C4,2,-0.8345428571428357
2025,ALB,C4,2,-0.08845714285710926
2025,ALB,C4,2,0.06562857142860423
2025,ALB,C4,2,0.6177142857143139
2025,ALB,C3,3,-0.8973333333333215
2025,ALB,C3,3,-0.9190095238095068
2025,ALB,C3,3,-0.17268571428570567
2025,ALB,C3,3,-0.014361904761884148
2025,ALB,C3,3,0.2529619047619036
2025,ALB,C3,3,0.2532857142857239
2025,ALB,C3,3,1.432609523809532
2025,ALB,C3,3,-0.3670666666666591
2025,ALB,C3,3,0.7242571428571551
2025,ALB,C3,3,1.5455809523809592
2025,ALB,C3,3,2.0069047619047637
2025,ALB,C3,3,1.4392285714285862
2025,ALB,C3,3,-0.41544761904761174
2025,ALB,C3,3,-0.5591238095237969
2025,ALB,C3,3,1.6732000000000227
2025,ALB,C3,3,-1.1904761904761756
2025,ALB,C3,3,-1.3721523809523717
2025,ALB,C3,3,-1.498828571428561
2025,ALB,C3,3,-1.1225047619047501
2025,ALB,C3,3,-0.6431809523809306
2025,ALB,C3,3,-0.1598571428571205
2025,ALB,C3,3,-1.2885333333333335
2025,ALB,C3,3,0.016790476190479353
2025,ALB,C3,3,-0.8958857142856971
2025,ALB,C3,3,-1.0225619047618864
2025,ALB,C3,3,-0.8052380952380815
2025,ALB,C3,3,-0.6889142857142616
2025,ALB,C3,3,1.3754095238095516
2025,ALB,C3,3,0.7547333333333484
2025,ALB,C3,3,0.6550571428571601
2025,ALB,C3,3,0.933380952380972
2025,ALB,C3,3,0.3727047619047852
2025,ALB,C3,3,-0.020971428571414208
2025,ALB,C3,3,0.14135238095238378
2025,ALB,C3,3,0.4766761904761978
2025,ALO,C3,1,15.533222222222278
2025,ALO,C3,1,-8.085777777777736
2025,ALO,C3,1,-6.088777777777722
2025,ALO,C3,1,-3.777777777777743
2025,ALO,C3,1,-2.3817777777777422
2025,ALO,C3,1,-1.6547777777777526
2025,ALO,C3,1,-0.04977777777776282
2025,ALO,C3,1,2.3472222222222427
2025,ALO,C3,1,4.158222222222236
2025,ALO,C3,2,-0.9547052631578623
2025,ALO,C3,2,-0.47591929824558576
2025,ALO,C3,2,-0.3421333333333081
2025,ALO,C3,2,0.40465263157898335
2025,ALO,C3,2,1.5144385964912601
2025,ALO,C3,2,0.6162245614035413
2025,ALO,C3,2,0.5100105263158241
2025,ALO,C3,2,0.5397964912280884
2025,ALO,C3,2,-0.7594175438596267
2025,ALO,C3,2,-0.2156315789473524
2025,ALO,C3,2,-0.45284561403506984
2025,ALO,C3,2,-0.4950596491227941
2025,ALO,C3,2,0.6257263157894926
2025,ALO,C3,2,-0.44648771929823283
2025,ALO,C3,2,-0.407701754385954
2025,ALO,C3,2,-0.5799157894736737
2025,ALO,C3,2,1.036870175438608
2025,ALO,C3,2,-0.1933438596491044
2025,ALO,C3,2,0.0754421052631784
2025,ANT,C3,1,0.393939185616091
2025,ANT,C3,1,0.8062783712321817
2025,ANT,C3,1,1.2756175568482462
2025,ANT,C3,1,0.99095674246432
2025,ANT,C3,1,-0.0657040719195976
2025,ANT,C3,1,-0.9533648863035324
2025,ANT,C3,1,-0.7140257006874435
2025,ANT,C3,1,0.10131348492862458
2025,ANT,C3,1,1.020652670544706
2025,ANT,C3,1,1.4899918561607848
2025,ANT,C3,1,0.47633104177684515
2025,ANT,C3,1,-0.003329772607074233
2025,ANT,C3,1,-0.7529905869909896
2025,ANT,C3,1,-1.64865140137492
2025,ANT,C3,1,-2.2573122157588443
2025,ANT,C3,1,-2.5249730301427746
2025,ANT,C3,1,-2.5266338445266996
2025,ANT,C3,1,-0.6562946589106105
2025,ANT,C3,1,0.07804452670545459
2025,ANT,C3,1,0.0773837123215344
2025,ANT,C3,1,0.5737228979376141
2025,ANT,C3,1,-0.22993791644631756
2025,ANT,C3,1,1.1344012691697714
2025,ANT,C3,1,0.5697404547858298
2025,ANT,C3,1,0.4820796404019063
2025,ANT,C3,1,0.16941882601798852
2025,ANT,C3,1,-0.3792419883659335
2025,ANT,C3,1,0.34809719725014077
2025,ANT,C3,1,0.7914363828662232
2025,ANT,C3,1,-0.17522443151770517
2025,ANT,C3,1,-0.6318852459016284
2025,ANT,C3,1,-0.25954606028555816
2025,ANT,C3,1,0.0017931253305221162
2025,ANT,C3,1,-0.8558676890533974
2025,ANT,C3,1,-1.7635285034373283
2025,ANT,C3,1,-0.5411893178212495
2025,ANT,C3,1,0.06614986779483445
2025,ANT,C3,1,0.46448905341090096
2025,ANT,C3,1,0.5108282390269778
2025,ANT,C3,1,1.4091674246430443
2025,ANT,C3,1,0.15450661025911927
2025,ANT,C3,1,-0.3291542041247908
2025,ANT,C3,1,0.46818498149127663
2025,ANT,C3,1,1.7485241671073481
2025,ANT,C3,1,3.4018633527234385
2025,ANT,C3,1,0.7352025383395073
2025,ANT,C3,1,1.1075417239555776
2025,ANT,C3,1,0.502880909571644
2025,ANT,C3,1,-0.13477990481226243
2025,ANT,C3,1,0.11255928080380784
2025,ANT,C3,1,0.026898466419879696
2025,ANT,C3,1,0.7222376520359575
2025,ANT,C3,1,0.3955768376520439
2025,ANT,C3,1,0.3209160232681114
2025,ANT,C3,1,0.21125520888418237
2025,ANT,C3,1,0.6795943945002563
2025,ANT,C3,1,0.28493358011633063
2025,ANT,C3,1,-0.443727234267584
2025,ANT,C3,1,-0.7093880486515189
2025,ANT,C3,1,-2.524048863035432
2025,ANT,C3,1,-3.0237096774193475
2025,BEA,C3,2,0.43020000000002767
2025,BEA,C3,2,-0.9790999999999599
2025,BEA,C3,2,-1.4643999999999693
2025,BEA,C3,2,1.092300000000023
2025,BEA,C3,2,1.5020000000000238
2025,BEA,C3,2,1.092700000000022
2025,BEA,C3,2,-0.8895999999999873
2025,BEA,C3,2,-0.7698999999999785
2025,BEA,C3,2,-0.014199999999974011
2025,BEA,C4,3,-2.4503138515488274
2025,BEA,C4,3,-2.184393583315412
2025,BEA,C4,3,-1.5044733150820093
2025,BEA,C4,3,-2.110553046848594
2025,BEA,C4,3,-2.109632778615179
2025,BEA,C4,3,-1.574712510381758
2025,BEA,C4,3,-0.24079224214834483
2025,BEA,C4,3,-0.5548719739149277
2025,BEA,C4,3,-1.5679517056815229
2025,BEA,C4,3,-1.4210314374481072
2025,BEA,C4,3,3.0388888307852966
2025,BEA,C4,3,0.27280909901871553
2025,BEA,C4,3,1.4427293672521273
2025,BEA,C4,3,1.7636496354855353
2025,BEA,C4,3,0.34156990371896256
2025,BEA,C4,3,1.3034901719523617
2025,BEA,C4,3,-0.3945895598142215
2025,BEA,C4,3,0.6793307084191866
2025,BEA,C4,3,0.5262509766526051
2025,BEA,C4,3,-0.004828755113990724
2025,BEA,C4,3,0.47409151311941855
2025,BEA,C4,3,0.4720117813528333
2025,BEA,C4,3,0.4659320495862431
2025,BEA,C4,3,-0.8301476821803249
2025,BEA,C4,3,-0.5852274139469245
2025,BEA,C4,3,0.29869285428648595
2025,BEA,C4,3,0.8656131225199033
2025,BEA,C4,3,1.123533390753309
2025,BEA,C4,3,1.9284536589867258
2025,BEA,C4,3,0.8363739272201371
2025,BEA,C4,3,-0.18670580454644892
2025,BEA,C4,3,1.01621446368695
2025,BEA,C4,3,4.139134731920379
2025,BEA,C4,3,1.943055000153791
2025,BEA,C4,3,2.2819752683871997
2025,BEA,C4,3,0.8168955366206063
2025,BEA,C4,3,0.67681580485403
2025,BEA,C4,3,0.34473607308743226
2025,BEA,C4,3,0.6436563413208489
2025,BEA,C4,3,0.11857660955425331
2025,BEA,C4,3,1.3344968777876716
2025,BEA,C4,3,0.7914171460210895
2025,BEA,C4,3,0.8583374142545068
2025,BEA,C4,3,0.5282576824879186
2025,BEA,C4,3,1.0211779507213237
2025,BEA,C4,3,0.6100982189547324
2025,BEA,C4,3,-0.5959815128118464
2025,BEA,C4,3,-0.004061244578437595
2025,BEA,C4,3,-1.3691409763450366
2025,BEA,C4,3,-0.10822070811161666
2025,BEA,C4,3,-1.5023004398781978
2025,BEA,C4,3,-1.0053801716447879
2025,BEA,C4,3,-1.899459903411369
2025,BEA,C4,3,-2.199539635177956
2025,BEA,C4,3,-2.250619366944548
2025,BEA,C4,3,-2.2196990987111462
2025,BEA,C4,3,-1.7647788304777237
2025,BEA,C4,3,-0.31885856224431564
2025,BOR,C3,2,-1.185327485380114
2025,BOR,C3,2,-1.895824905400758
2025,BOR,C3,2,-2.005322325421403
2025,BOR,C3,2,0.5311802545579667
2025,BOR,C3,2,-0.06931716546267808
2025,BOR,C3,2,1.14118541451667
2025,BOR,C3,2,0.46068799449602693
2025,BOR,C3,2,0.5531905744754084
2025,BOR,C3,2,2.2106931544547592
2025,BOR,C3,2,2.696195734434113
2025,BOR,C3,2,0.9076983144134658
2025,BOR,C3,2,1.3412008943928413
2025,BOR,C3,2,0.8737034743721921
2025,BOR,C3,2,-0.8167939456484419
2025,BOR,C3,2,-0.9442913656690877
2025,BOR,C3,2,-1.4657887856897247
2025,BOR,C3,2,-1.469286205710361
2025,BOR,C3,2,-0.8637836257310028
2025,BOR,C5,3,0.7963571428571328
2025,BOR,C5,3,-0.8070000000000022
2025,BOR,C5,3,-1.2333571428571304
2025,BOR,C5,3,0.6612857142857109
2025,BOR,C5,3,1.0179285714285697
2025,BOR,C5,3,0.17057142857143504
2025,BOR,C5,3,-0.6057857142857017
2025,BOR,C4,4,-3.177670731707323
2025,BOR,C4,4,-3.090760694183871
2025,BOR,C4,4,-2.1718506566604106
2025,BOR,C4,4,-1.7239406191369682
2025,BOR,C4,4,-1.2110305816135138
2025,BOR,C4,4,-0.3791205440900569
2025,BOR,C4,4,-1.0192105065666084
2025,BOR,C4,4,0.29469953095683366
2025,BOR,C4,4,0.4036095684802916
2025,BOR,C4,4,1.7995196060037415
2025,BOR,C4,4,2.0744296435271963
2025,BOR,C4,4,-0.03566031894933985
2025,BOR,C4,4,0.36024971857411003
2025,BOR,C4,4,1.6291597560975646
2025,BOR,C4,4,2.6490697936210097
2025,BOR,C4,4,2.7609798311444678
2025,BOR,C4,4,1.9178898686679275
2025,BOR,C4,4,0.6577999061913715
2025,BOR,C4,4,0.777709943714811
2025,BOR,C4,4,0.4066199812382649
2025,BOR,C4,4,0.3945300187617278
2025,BOR,C4,4,0.07544005628517425
2025,BOR,C4,4,0.955350093808633
2025,BOR,C4,4,0.7672601313320939
2025,BOR,C4,4,0.7571701688555379
2025,BOR,C4,4,0.22708020637900006
2025,BOR,C4,4,0.8679902439024545
2025,BOR,C4,4,4.120900281425904
2025,BOR,C4,4,0.9238103189493501
2025,BOR,C4,4,-0.711279643527206
2025,BOR,C4,4,-0.622369606003744
2025,BOR,C4,4,-0.7854595684802916
2025,BOR,C4,4,-1.047549530956843
2025,BOR,C4,4,-0.9356394934333849
2025,BOR,C4,4,-1.54672945590994
2025,BOR,C4,4,-1.4058194183864856
2025,BOR,C4,4,-1.254909380863026
2025,BOR,C4,4,-1.19699934333957
2025,BOR,C4,4,-1.3460893058161219
2025,BOR,C4,4,-1.159179268292661
2025,COL,C3,1,-0.5164000000000044
2025,COL,C3,1,0.24090000000001055
2025,COL,C3,1,0.42020000000002256
2025,COL,C3,1,0.5025000000000261
2025,COL,C3,1,-0.6471999999999554
2025,COL,C4,2,-1.3979090909090672
2025,COL,C4,2,-1.6010545454545166
2025,COL,C4,2,0.3818000000000126
2025,COL,C4,2,1.0566545454545633
2025,COL,C4,2,1.4275090909090977
2025,COL,C4,2,1.7433636363636538
2025,COL,C4,2,0.5322181818181804
2025,COL,C4,2,-0.0029272727272626753
2025,COL,C4,2,-0.3140727272727304
2025,COL,C4,2,-0.8362181818181824
2025,COL,C4,2,-0.9893636363636489
2025,COL,C4,3,-0.7117469387754625
2025,COL,C4,3,-2.9008663265305756
2025,COL,C4,3,-3.4849857142856706
2025,COL,C4,3,-2.744105102040777
2025,COL,C4,3,1.1257755102041216
2025,COL,C4,3,-0.159343877550981
2025,COL,C4,3,0.0485367346939114
2025,COL,C4,3,0.046417346938810056
2025,COL,C4,3,-0.6367020408162887
2025,COL,C4,3,0.1001785714286001
2025,COL,C4,3,0.20005918367350262
2025,COL,C4,3,0.39293979591839445
2025,COL,C4,3,-0.02117959183669882
2025,COL,C4,3,0.43370102040819347
2025,COL,C4,3,-0.6024183673468997
2025,COL,C4,3,-0.8275377551020142
2025,COL,C4,3,0.1023428571428866
2025,COL,C4,3,0.40522346938777787
2025,COL,C4,3,1.9171040816326723
2025,COL,C4,3,1.647984693877575
2025,COL,C4,3,0.03086530612246463
2025,COL,C4,3,-0.018254081632619545
2025,COL,C4,3,1.8196265306122683
2025,COL,C4,3,2.608507142857164
2025,COL,C4,3,2.341387755102062
2025,COL,C4,3,2.20526836734696
2025,COL,C4,3,0.692148979591849
2025,COL,C4,3,0.706029591836753
2025,COL,C4,3,0.5349102040816547
2025,COL,C4,3,0.503790816326557
2025,COL,C4,3,0.35867142857144074
2025,COL,C4,3,1.2045520408163526
2025,COL,C4,3,0.8604326530612383
2025,COL,C4,3,1.0833132653061455
2025,COL,C4,3,0.45119387755103446
2025,COL,C4,3,1.1460744897959216
2025,COL,C4,3,0.6799551020408359
2025,COL,C4,3,-0.3291642857142847
2025,COL,C4,3,-0.11828367346937796
2025,COL,C4,3,0.4145969387755173
2025,COL,C4,3,-0.4715224489795844
2025,COL,C4,3,-0.8366418367346853
2025,COL,C4,3,-0.8007612244897899
2025,COL,C4,3,-1.2198806122448929
2025,COL,C4,3,-1.3089999999999833
2025,COL,C4,3,-1.743119387755101
2025,COL,C4,3,-1.8162387755102003
2025,COL,C4,3,-1.428358163265301
2025,COL,C4,3,-1.8814775510203958
2025,HAD,C4,1,13.337392857142873
2025,HAD,C4,1,-8.912642857142828
2025,HAD,C4,1,-6.231678571428546
2025,HAD,C4,1,-3.330714285714251
2025,HAD,C4,1,-1.0067499999999683
2025,HAD,C4,1,1.4712142857143249
2025,HAD,C4,1,4.673178571428593
2025,HAD,C3,3,-0.8451113127646295
2025,HAD,C3,3,-0.6364055829227766
2025,HAD,C3,3,0.5753001469190764
2025,HAD,C3,3,0.7720058767609146
2025,HAD,C3,3,0.8017116066027512
2025,HAD,C3,3,0.5824173364446068
2025,HAD,C3,3,-0.5728769337135446
2025,HAD,C3,3,-0.6261712038717064
2025,HAD,C3,3,-0.5824654740298598
2025,HAD,C3,3,-0.6597597441880083
2025,HAD,C3,3,-0.8150540143461598
2025,HAD,C3,3,-0.8093482845043098
2025,HAD,C3,3,-1.08464255466248
2025,HAD,C3,3,-1.0709368248206346
2025,HAD,C3,3,-0.9412310949787752
2025,HAD,C3,3,-1.0405253651369293
2025,HAD,C3,3,-0.7588196352950831
2025,HAD,C3,3,-0.7901139054532393
2025,HAD,C3,3,-0.2824081756113941
2025,HAD,C3,3,-0.18970244576954087
2025,HAD,C3,3,0.01500328407230711
2025,HAD,C3,3,2.44570901391414
2025,HAD,C3,3,1.6724147437559935
2025,HAD,C3,3,-0.333879526402157
2025,HAD,C3,3,0.6378262034396869
2025,HAD,C3,3,2.318531933281534
2025,HAD,C3,3,-0.17176233687662545
2025,HAD,C3,3,0.1379433929652123
2025,HAD,C3,3,0.7506491228070615
2025,HAD,C3,3,-0.10264514735108321
2025,HAD,C3,3,1.5820605824907545
2025,HAD,C3,3,0.35576631233260514
2025,HAD,C3,3,0.045472042174452554
2025,HAD,C3,3,2.336177772016299
2025,HAD,C3,3,0.46388350185814886
2025,HAD,C3,3,0.072589231699979
2025,HAD,C3,3,-0.15570503845816575
2025,HAD,C3,3,-0.45199930861632254
2025,HAD,C3,3,0.2687064212255308
2025,HAD,C3,3,0.5474121510673768
2025,HAD,C3,3,0.5961178809092189
2025,HAD,C3,3,0.3908236107510703
2025,HAD,C3,3,0.5735293405929127
2025,HAD,C3,3,0.7892350704347706
2025,HAD,C3,3,0.602940800276599
2025,HAD,C3,3,-0.014353469881555725
2025,HAD,C3,3,1.4703522599602934
2025,HAD,C3,3,-0.27894201019785214
2025,HAD,C3,3,-0.6542362803560025
2025,HAD,C3,3,-0.5815305505141737
2025,HAD,C3,3,-0.797824820672318
2025,HAD,C3,3,-0.6881190908304688
2025,HAD,C3,3,-0.8964133609886176
2025,HAD,C3,3,-1.005707631146791
2025,HAD,C3,3,-1.0700019013049342
2025,HAD,C3,3,-1.0242961714630923
2025,HAD,C3,3,-0.8715904416212368
2025,HAM,C3,1,20.19054545454543
2025,HAM,C3,1,-8.123400000000018
2025,HAM,C3,1,-6.8893454545454915
2025,HAM,C3,1,-4.11729090909094
2025,HAM,C3,1,-3.9432363636363874
2025,HAM,C3,1,-3.3861818181818393
2025,HAM,C3,1,-2.0511272727272996
2025,HAM,C3,1,-0.6330727272727614
2025,HAM,C3,1,1.2729818181817905
2025,HAM,C3,1,3.2890363636363418
2025,HAM,C3,1,4.391090909090877
2025,HAM,C3,2,-0.4369189189189342
2025,HAM,C3,2,0.23821930501928534
2025,HAM,C3,2,-0.5186424710424831
2025,HAM,C3,2,-0.5195042471042655
2025,HAM,C3,2,-0.32936602316603114
2025,HAM,C3,2,-0.8532277992278239
2025,HAM,C3,2,-0.7570895752895836
2025,HAM,C3,2,-1.0379513513513672
2025,HAM,C3,2,-0.16081312741314946
2025,HAM,C3,2,1.2193250965250826
2025,HAM,C3,2,0.2834633204632979
2025,HAM,C3,2,0.03760154440152519
2025,HAM,C3,2,0.05573976833974825
2025,HAM,C3,2,0.905877992277965
2025,HAM,C3,2,1.9260162162161976
2025,HAM,C3,2,2.1761544401544057
2025,HAM,C3,2,1.5582926640926473
2025,HAM,C3,2,1.6184308880308578
2025,HAM,C3,2,0.25856911196909493
2025,HAM,C3,2,-0.24329266409269223
2025,HAM,C3,2,-0.7481544401544795
2025,HAM,C3,2,-0.5980162162162372
2025,HAM,C3,2,-0.7348779922780295
2025,HAM,C3,2,-0.8747397683397935
2025,HAM,C3,2,-1.0526015444015684
2025,HAM,C3,2,-0.8994633204633402
2025,HAM,C3,2,-0.4353250965251334
2025,HAM,C3,2,-0.06518687258690647
2025,HAM,C3,2,-0.6650486486486784
2025,HAM,C3,2,-0.21891042471045807
2025,HAM,C3,2,-0.1037722007722266
2025,HAM,C3,2,-0.24863397683401445
2025,HAM,C3,2,-0.3234957528957949
2025,HAM,C3,2,0.35764247104243907
2025,HAM,C3,2,0.3797806949806528
2025,HAM,C3,2,0.809918918918882
2025,HAM,C4,3,2.356619047619077
2025,HAM,C4,3,0.7075333333333731
2025,HAM,C4,3,-0.19755238095235939
2025,HAM,C4,3,-0.519638095238065
2025,HAM,C4,3,-1.020723809523787
2025,HAM,C4,3,-1.729809523809493
2025,HAM,C4,3,0.39710476190478516
2025,HAM,C4,3,0.3430190476190802
2025,HAM,C4,3,0.7779333333333653
2025,HAM,C4,3,0.14884761904765753
2025,HAM,C4,3,0.007761904761949268
2025,HAM,C4,3,-0.25432380952378253
2025,HAM,C4,3,-0.5684095238094784
2025,HAM,C4,3,-0.7234952380952109
2025,HAM,C4,3,-1.5245809523809157
2025,HAM,C4,3,-1.6936666666666298
2025,HAM,C4,3,-0.3817523809523351
2025,HAM,C4,3,0.5611619047619314
2025,HAM,C4,3,0.7950761904762373
2025,HAM,C4,3,0.7939904761905296
2025,HAM,C4,3,1.7249047619047957
2025,HUL,C4,1,12.63679999999998
2025,HUL,C4,1,-12.950300000000013
2025,HUL,C4,1,-6.109399999999994
2025,HUL,C4,1,0.522500000000008
2025,HUL,C4,1,5.900400000000019
2025,HUL,C3,2,-2.0190344086021668
2025,HUL,C3,2,-1.6035952539859153
2025,HUL,C3,2,0.12884390063031503
2025,HUL,C3,2,1.7492830552465648
2025,HUL,C3,2,-0.20727779013719783
2025,HUL,C3,2,0.7751613644790609
2025,HUL,C3,2,1.0666005190952887
2025,HUL,C3,2,-0.19596032628845705
2025,HUL,C3,2,-0.8685211716722279
2025,HUL,C3,2,-0.8520820170559773
2025,HUL,C3,2,-1.385642862439738
2025,HUL,C3,2,-0.9342037078234995
2025,HUL,C3,2,0.2202354467927421
2025,HUL,C3,2,0.9366746014089813
2025,HUL,C3,2,0.6971137560252174
2025,HUL,C3,2,1.1505529106414656
2025,HUL,C3,2,1.7619920652577008
2025,HUL,C3,2,1.2274312198739494
2025,HUL,C3,2,1.9088703744902062
2025,HUL,C3,2,-0.8846904708935597
2025,HUL,C3,2,-0.35625131627730866
2025,HUL,C3,2,1.8061878383389143
2025,HUL,C3,2,-0.17737300704483516
2025,HUL,C3,2,0.053066147571399824
2025,HUL,C3,2,-0.6104946978123422
2025,HUL,C3,2,-0.03805554319610849
2025,HUL,C3,2,-0.14161638857986247
2025,HUL,C3,2,-0.40217723396362715
2025,HUL,C3,2,-1.6937380793473835
2025,HUL,C3,2,-1.1112989247311447
2025,HUL,C5,3,-2.5250564516129117
2025,HUL,C5,3,-3.1869387096774346
2025,HUL,C5,3,-2.1398209677419544
2025,HUL,C5,3,0.3142967741935365
2025,HUL,C5,3,-1.9125854838709841
2025,HUL,C5,3,2.8635322580645095
2025,HUL,C5,3,2.0866499999999917
2025,HUL,C5,3,1.3627677419354711
2025,HUL,C5,3,0.5998854838709491
2025,HUL,C5,3,0.9380032258064404
2025,HUL,C5,3,-0.2168790322580776
2025,HUL,C5,3,0.4922387096774088
2025,HUL,C5,3,-0.2026435483871154
2025,HUL,C5,3,1.1664741935483818
2025,HUL,C5,3,0.4115919354838695
2025,HUL,C5,3,0.9687096774193549
2025,HUL,C5,3,3.51682741935484
2025,HUL,C5,3,1.1819451612903293
2025,HUL,C5,3,2.147062903225816
2025,HUL,C5,3,-0.40481935483870757
2025,HUL,C5,3,-1.017701612903224
2025,HUL,C5,3,-0.48258387096774413
2025,HUL,C5,3,-0.18646612903225446
2025,HUL,C5,3,-0.9053483870967654
2025,HUL,C5,3,-1.1142306451612853
2025,HUL,C5,3,-1.229112903225797
2025,HUL,C5,3,-1.1249951612903146
2025,HUL,C5,3,-1.065877419354834
2025,HUL,C5,3,-0.3477596774193472
2025,HUL,C5,3,-1.2306419354838596
2025,HUL,C5,3,1.2434758064516132
2025,LAW,C4,1,25.90771999999997
2025,LAW,C4,1,-5.090842608695681
2025,LAW,C4,1,-3.771405217391333
2025,LAW,C4,1,-3.262967826086978
2025,LAW,C4,1,-3.8755304347826467
2025,LAW,C4,1,-3.9120930434782935
2025,LAW,C4,1,-3.7486556521739374
2025,LAW,C4,1,-3.0242182608695884
2025,LAW,C4,1,-1.8917808695652383
2025,LAW,C4,1,-0.817343478260895
2025,LAW,C4,1,0.013093913043462635
2025,LAW,C4,1,-0.19746869565220493
2025,LAW,C4,1,-0.5460313043478493
2025,LAW,C4,1,-1.9375939130435
2025,LAW,C4,1,-1.7351565217391425
2025,LAW,C4,1,-1.5147191304347984
2025,LAW,C4,1,-0.9212817391304355
2025,LAW,C4,1,-0.44984434782608673
2025,LAW,C4,1,0.9715930434782649
2025,LAW,C4,1,1.381030434782602
2025,LAW,C4,1,1.5084678260869566
2025,LAW,C4,1,1.913905217391303
2025,LAW,C4,1,2.2953426086956483
2025,LAW,C4,1,2.7057800000000043
2025,LAW,C5,2,0.4423214285714323
2025,LAW,C5,2,-1.1166428571428497
2025,LAW,C5,2,-1.2986071428571364
2025,LAW,C5,2,3.3314285714285887
2025,LAW,C5,2,-0.7485357142856941
2025,LAW,C5,2,-0.3734999999999786
2025,LAW,C5,2,-0.2364642857142627
2025,LAW,C3,3,1.0908708708708872
2025,LAW,C3,3,0.23262428142429314
2025,LAW,C3,3,0.21337769197771195
2025,LAW,C3,3,-0.1858688974688789
2025,LAW,C3,3,-0.36111548691548023
2025,LAW,C3,3,-0.422362076362063
2025,LAW,C3,3,-0.5116086658086516
2025,LAW,C3,3,-0.40885525525526134
2025,LAW,C3,3,-0.5431018447018374
2025,LAW,C3,3,-0.6693484341484321
2025,LAW,C3,3,-0.7375950235950341
2025,LAW,C3,3,-0.8048416130416172
2025,LAW,C3,3,-0.8860882024882102
2025,LAW,C3,3,-0.6563347919348104
2025,LAW,C3,3,0.660418618618607
2025,LAW,C3,3,0.2371720291720152
2025,LAW,C3,3,1.2919254397254178
2025,LAW,C3,3,0.3336788502788437
2025,LAW,C3,3,0.18743226083223874
2025,LAW,C3,3,-0.3578143286143529
2025,LAW,C3,3,0.28693908193906736
2025,LAW,C3,3,0.9876924924924708
2025,LAW,C3,3,0.4854459030458713
2025,LAW,C3,3,2.443199313599294
2025,LAW,C3,3,0.19295272415268983
2025,LAW,C3,3,0.6007061347061011
2025,LAW,C3,3,0.5084595452595124
2025,LAW,C3,3,0.23521295581291213
2025,LAW,C3,3,-0.042033633633678846
2025,LAW,C3,3,0.05971977691973507
2025,LAW,C3,3,-0.6475268125268627
2025,LAW,C3,3,-0.48877340197346086
2025,LAW,C3,3,-0.06601999142003478
2025,LAW,C3,3,-0.4212665808666287
2025,LAW,C3,3,-1.1965131703132244
2025,LAW,C3,3,-0.6407597597598169
2025,LEC,C4,1,19.55252500000003
2025,LEC,C4,1,-5.448721428571403
2025,LEC,C4,1,-4.01596785714284
2025,LEC,C4,1,-3.660214285714261
2025,LEC,C4,1,-3.359460714285703
2025,LEC,C4,1,-3.9437071428571358
2025,LEC,C4,1,-3.208953571428566
2025,LEC,C4,1,-1.819199999999995
2025,LEC,C4,1,-1.4404464285714198
2025,LEC,C4,1,-0.7726928571428573
2025,LEC,C4,1,-0.2809392857142825
2025,LEC,C4,1,0.23881428571428387
2025,LEC,C4,1,1.9005678571428604
2025,LEC,C4,1,2.1583214285714263
2025,LEC,C4,1,4.10007499999999
2025,LEC,C3,2,0.7417876923076818
2025,LEC,C3,2,-0.6200946153846303
2025,LEC,C3,2,-0.48397692307693774
2025,LEC,C3,2,-0.33885923076923063
2025,LEC,C3,2,-0.2687415384615406
2025,LEC,C3,2,-0.8726238461538571
2025,LEC,C3,2,0.09349384615383372
2025,LEC,C3,2,1.7756115384615327
2025,LEC,C3,2,1.460729230769232
2025,LEC,C3,2,0.597846923076915
2025,LEC,C3,2,0.10296461538460733
2025,LEC,C3,2,-0.487917692307704
2025,LEC,C3,2,-0.7417999999999978
2025,LEC,C3,2,-0.6516823076923117
2025,LEC,C3,2,-0.1465646153846336
2025,LEC,C3,2,-0.5364469230769373
2025,LEC,C3,2,-0.5803292307692374
2025,LEC,C3,2,0.2387884615384479
2025,LEC,C3,2,0.5769061538461386
2025,LEC,C3,2,0.04002384615382937
2025,LEC,C3,2,-0.21085846153846433
2025,LEC,C3,2,-0.22574076923078223
2025,LEC,C3,2,-0.05662307692308843
2025,LEC,C3,2,0.17849461538460787
2025,LEC,C3,2,0.4156123076922853
2025,LEC,C4,3,-0.34858374384234025
2025,LEC,C4,3,-0.35144526546247334
2025,LEC,C4,3,0.5786932129173721
2025,LEC,C4,3,2.223831691297235
2025,LEC,C4,3,-0.44302983032291365
2025,LEC,C4,3,-0.6538913519430594
2025,LEC,C4,3,-0.6097528735632096
2025,LEC,C4,3,-0.5416143951833305
2025,LEC,C4,3,-0.456475916803484
2025,LEC,C4,3,0.2216625615763803
2025,LEC,C4,3,0.12980103995623438
2025,LEC,C4,3,0.31493951833608946
2025,LEC,C4,3,-0.02192200328406102
2025,LEC,C4,3,-0.17378352490419502
2025,LEC,C4,3,-0.10364504652434903
2025,LEC,C4,3,-0.6395065681444834
2025,LEC,C4,3,-0.685368089764637
2025,LEC,C4,3,-0.030229611384783084
2025,LEC,C4,3,0.38190886699507587
2025,LEC,C4,3,0.27204734537494346
2025,LEC,C4,3,0.476185823754804
2025,LEC,C4,3,0.5893243021346564
2025,LEC,C4,3,0.40346278051451634
2025,LEC,C4,3,0.24660125889437268
2025,LEC,C4,3,0.28573973727422697
2025,LEC,C4,3,-0.15012178434592727
2025,LEC,C4,3,-0.05898330596606627
2025,LEC,C4,3,-0.8558448275862105
2025,NOR,C4,1,17.995358974358993
2025,NOR,C4,1,-7.182948717948705
2025,NOR,C4,1,-4.655256410256399
2025,NOR,C4,1,-3.9515641025640917
2025,NOR,C4,1,-3.3898717948717803
2025,NOR,C4,1,-3.3101794871794823
2025,NOR,C4,1,-2.2164871794871743
2025,NOR,C4,1,-0.6767948717948684
2025,NOR,C4,1,0.2798974358974391
2025,NOR,C4,1,0.9265897435897443
2025,NOR,C4,1,2.0772820512820545
2025,NOR,C4,1,4.103974358974355
2025,NOR,C3,2,0.09875172413798339
2025,NOR,C3,2,-0.29689064039403945
2025,NOR,C3,2,0.1894669950739427
2025,NOR,C3,2,0.11182463054191771
2025,NOR,C3,2,-0.6908177339901016
2025,NOR,C3,2,-0.34646009852211535
2025,NOR,C3,2,-0.43410246305414546
2025,NOR,C3,2,-0.4207448275861765
2025,NOR,C3,2,0.7556128078818176
2025,NOR,C3,2,2.254970443349791
2025,NOR,C3,2,1.8103280788177614
2025,NOR,C3,2,-0.2583142857142491
2025,NOR,C3,2,-0.30995665024627783
2025,NOR,C3,2,-0.24559901477830692
2025,NOR,C3,2,-0.7332413793103143
2025,NOR,C3,2,-0.11488374384234135
2025,NOR,C3,2,-0.21252610837434815
2025,NOR,C3,2,0.04183152709362048
2025,NOR,C3,2,-0.7068108374383968
2025,NOR,C3,2,0.4065467980295807
2025,NOR,C3,2,-0.7870955665024439
2025,NOR,C3,2,-0.3767379310344694
2025,NOR,C3,2,-0.6043802955664717
2025,NOR,C3,2,-0.8890226600985045
2025,NOR,C3,2,-0.3596650246305302
2025,NOR,C3,2,-0.5493073891625357
2025,NOR,C3,2,-0.35194975369456927
2025,NOR,C3,2,1.0094078817733987
2025,NOR,C3,2,2.009765517241391
2025,NOR,C3,3,-0.21336772486772304
2025,NOR,C3,3,0.5759711029710957
2025,NOR,C3,3,1.016309930809939
2025,NOR,C3,3,-0.3183512413512517
2025,NOR,C3,3,-0.5100124135124133
2025,NOR,C3,3,-0.6746735856735881
2025,NOR,C3,3,-0.21133475783474864
2025,NOR,C3,3,-0.28299592999593415
2025,NOR,C3,3,0.17434289784290513
2025,NOR,C3,3,-0.23031827431827878
2025,NOR,C3,3,0.06502055352055436
2025,NOR,C3,3,-0.1676406186406183
2025,NOR,C3,3,-0.17530179080179664
2025,NOR,C3,3,-0.029962962962969186
2025,NOR,C3,3,-0.5596241351241389
2025,NOR,C3,3,-0.540285307285302
2025,NOR,C3,3,0.04805352055350909
2025,NOR,C3,3,0.3973923483923443
2025,NOR,C3,3,0.6317311762311704
2025,NOR,C3,3,0.736070004070001
2025,NOR,C3,3,0.7344088319088229
2025,NOR,C3,3,0.6897476597476526
2025,NOR,C3,3,0.6020864875864902
2025,NOR,C3,3,0.7004253154253064
2025,NOR,C3,3,0.11176414326413919
2025,NOR,C3,3,-0.026897028897039377
2025,NOR,C3,3,-2.542558201058199
2025,OCO,C4,1,18.485488888888938
2025,OCO,C4,1,-9.672911111111077
2025,OCO,C4,1,-7.1303111111110695
2025,OCO,C4,1,-4.388711111111078
2025,OCO,C4,1,-3.0241111111110826
2025,OCO,C4,1,-2.1705111111110824
2025,OCO,C4,1,0.41508888888891704
2025,OCO,C4,1,2.32968888888891
2025,OCO,C4,1,5.156288888888895
2025,OCO,C4,2,-1.0688909090908538
2025,OCO,C4,2,-0.18344848484844078
2025,OCO,C4,2,-0.40500606060599864
2025,OCO,C4,2,0.4184363636364168
2025,OCO,C4,2,1.3348787878788357
2025,OCO,C4,2,0.8293212121212576
2025,OCO,C4,2,0.5847636363636894
2025,OCO,C4,2,0.313206060606106
2025,OCO,C4,2,-0.9603515151514728
2025,OCO,C4,2,-0.8629090909090422
2025,OCO,C3,3,-0.869909013605465
2025,OCO,C3,3,-1.2588135945867975
2025,OCO,C3,3,-1.2087181755681229
2025,OCO,C3,3,-1.514622756549457
2025,OCO,C3,3,-1.6005273375307922
2025,OCO,C3,3,-0.9344319185121037
2025,OCO,C3,3,-0.6543364994934393
2025,OCO,C3,3,0.37075891952522966
2025,OCO,C3,3,-0.5511456614560899
2025,OCO,C3,3,1.537949757562572
2025,OCO,C3,3,-0.36995482341875174
2025,OCO,C3,3,1.2081405955999287
2025,OCO,C3,3,-0.700763985381414
2025,OCO,C3,3,-0.3796685663627386
2025,OCO,C3,3,0.33742685265593764
2025,OCO,C3,3,1.442522271674605
2025,OCO,C3,3,-0.02538230930670693
2025,OCO,C3,3,0.2857131097119492
2025,OCO,C3,3,0.9898085287306202
2025,OCO,C3,3,1.1339039477493031
2025,OCO,C3,3,0.7779993667679719
2025,OCO,C3,3,1.2770947857866446
2025,OCO,C3,3,0.2801902048053222
2025,OCO,C3,3,1.940285623823982
2025,OCO,C3,3,0.5283810428426534
2025,OCO,C3,3,1.2534764618613394
2025,OCO,C3,3,0.27957188087999896
2025,OCO,C3,3,0.5866672998986644
2025,OCO,C3,3,-0.12323728108265186
2025,OCO,C3,3,-0.19314186206398176
2025,OCO,C3,3,0.25295355695467947
2025,OCO,C3,3,0.26804897597337174
2025,OCO,C3,3,0.27114439499203513
2025,OCO,C3,3,0.8732398140107023
2025,OCO,C3,3,0.4583352330293877
2025,OCO,C3,3,0.8034306520480499
2025,OCO,C3,3,1.3195260710667185
2025,OCO,C3,3,-0.11237850991460618
2025,OCO,C3,3,-0.06928309089593654
2025,OCO,C3,3,-0.5741876718772687
2025,OCO,C3,3,-0.5130922528585842
2025,OCO,C3,3,-0.7769968338399167
2025,OCO,C3,3,-0.8599014148212518
2025,OCO,C3,3,-0.9988059958025701
2025,OCO,C3,3,-1.0937105767839057
2025,OCO,C3,3,-0.9826151577652382
2025,OCO,C3,3,-1.1155197387465563
2025,OCO,C3,3,-0.9954243197278885
2025,PIA,C4,1,18.992593406593443
2025,PIA,C4,1,-6.061313186813138
2025,PIA,C4,1,-4.952219780219735
2025,PIA,C4,1,-4.120126373626334
2025,PIA,C4,1,-3.988032967032936
2025,PIA,C4,1,-3.25993956043952
2025,PIA,C4,1,-2.5408461538461182
2025,PIA,C4,1,-1.512752747252705
2025,PIA,C4,1,-1.0386593406592937
2025,PIA,C4,1,0.44643406593409907
2025,PIA,C4,1,1.6245274725275038
2025,PIA,C4,1,2.4656208791209053
2025,PIA,C4,1,3.9447142857143263
2025,PIA,C3,2,-1.815914529914508
2025,PIA,C3,2,2.1979586324786595
2025,PIA,C3,2,-0.06316820512819277
2025,PIA,C3,2,-0.5682950427350306
2025,PIA,C3,2,-0.5064218803418612
2025,PIA,C3,2,-0.6525487179486902
2025,PIA,C3,2,0.17332444444446082
2025,PIA,C3,2,-0.6048023931623732
2025,PIA,C3,2,-0.4309292307692232
2025,PIA,C3,2,0.47794393162394044
2025,PIA,C3,2,1.606817094017103
2025,PIA,C3,2,1.1516902564102764
2025,PIA,C3,2,0.8155634188034355
2025,PIA,C3,2,-0.2705634188034054
2025,PIA,C3,2,0.0593097435897505
2025,PIA,C3,2,0.39018290598291117
2025,PIA,C3,2,-0.4889439316239361
2025,PIA,C3,2,-0.32807076923077716
2025,PIA,C3,2,-0.5361976068376038
2025,PIA,C3,2,-0.5413244444444416
2025,PIA,C3,2,-0.659451282051279
2025,PIA,C3,2,0.4264218803418771
2025,PIA,C3,2,-0.03670495726495915
2025,PIA,C3,2,0.45316820512819334
2025,PIA,C3,2,0.2460413675213573
2025,PIA,C3,2,-0.49508547008547055
2025,PIA,C3,3,-0.09868275862064024
2025,PIA,C3,3,0.42802118226605046
2025,PIA,C3,3,-0.26327487684723394
2025,PIA,C3,3,-0.4115709359605404
2025,PIA,C3,3,0.22213300492614962
2025,PIA,C3,3,1.6978369458128526
2025,PIA,C3,3,0.5015408866995443
2025,PIA,C3,3,0.13324482758625322
2025,PIA,C3,3,0.0879487684729412
2025,PIA,C3,3,-0.8913472906403683
2025,PIA,C3,3,-1.1276433497536544
2025,PIA,C3,3,-0.4529394088669676
2025,PIA,C3,3,0.20976453201971879
2025,PIA,C3,3,-0.6875315270935687
2025,PIA,C3,3,0.07017241379311656
2025,PIA,C3,3,-0.5381236453201694
2025,PIA,C3,3,-0.1584197044334843
2025,PIA,C3,3,-0.3157157635467911
2025,PIA,C3,3,-0.1350118226600756
2025,PIA,C3,3,0.17769211822661646
2025,PIA,C3,3,0.3733960591133041
2025,PIA,C3,3,0.004100000000008208
2025,PIA,C3,3,0.48480394088670664
2025,PIA,C3,3,0.4925078817734061
2025,PIA,C3,3,0.40621182266009725
2025,PIA,C3,3,0.28691576354678716
2025,PIA,C3,3,-0.008380295566496443
2025,PIA,C3,3,0.5403236453201856
2025,PIA,C3,3,-1.0279724137931225
2025,RUS,C3,1,0.29665507246382106
2025,RUS,C3,1,0.5305343873518353
2025,RUS,C3,1,1.0544137022398417
2025,RUS,C3,1,0.6932930171278713
2025,RUS,C3,1,-0.3138276679841283
2025,RUS,C3,1,-1.0789483530961235
2025,RUS,C3,1,-0.6730690382081121
2025,RUS,C3,1,-0.09618972332010856
2025,RUS,C3,1,0.9656895915679087
2025,RUS,C3,1,1.3165689064559274
2025,RUS,C3,1,0.4454482213439377
2025,RUS,C3,1,0.008327536231945487
2025,RUS,C3,1,-1.0477931488800465
2025,RUS,C3,1,-1.7259138339920383
2025,RUS,C3,1,-2.1400345191040344
2025,RUS,C3,1,-2.4811552042160088
2025,RUS,C3,1,-2.3862758893280045
2025,RUS,C3,1,-0.04539657444000511
2025,RUS,C3,1,0.28948274044800826
2025,RUS,C3,1,0.31136205533601924
2025,RUS,C3,1,0.5912413702240258
2025,RUS,C3,1,0.22512068511204575
2025,RUS,C3,1,1.5520000000000493
2025,RUS,C3,1,-0.8341206851119409
2025,RUS,C3,1,0.5417586297760693
2025,RUS,C3,1,2.3526379446640817
2025,RUS,C3,1,0.21351725955209133
2025,RUS,C3,1,0.5563965744401003
2025,RUS,C3,1,1.349275889328112
2025,RUS,C3,1,0.3821552042161187
2025,RUS,C3,1,-0.014965480895867245
2025,RUS,C3,1,0.4419138339921318
2025,RUS,C3,1,0.5727931488801516
2025,RUS,C3,1,-1.031327536231828
2025,RUS,C3,1,-0.6264482213438214
2025,RUS,C3,1,0.31043109354418164
2025,RUS,C3,1,0.9483104084321923
2025,RUS,C3,1,1.1281897233201903
2025,RUS,C3,1,1.2850690382082206
2025,RUS,C3,1,2.01494835309623
2025,RUS,C3,1,-0.40717233201576164
2025,RUS,C3,1,-0.44529301712775293
2025,RUS,C3,1,-1.7984137022397562
2025,RUS,C3,1,-1.6095343873517436
2025,RUS,C3,1,-1.6216550724637244
2025,RUS,C4,2,-1.1756818181818005
2025,RUS,C4,2,1.2559454545454685
2025,RUS,C4,2,-0.10042727272725926
2025,RUS,C4,2,-0.37079999999998847
2025,RUS,C4,2,0.08182727272725288
2025,RUS,C4,2,0.6144545454545209
2025,RUS,C4,2,0.8130818181818
2025,RUS,C4,2,-0.9132909090909322
2025,RUS,C4,2,-0.08966363636366737
2025,RUS,C4,2,-0.04403636363639407
2025,RUS,C4,2,-0.07140909090912828
2025,RUS,C3,3,0.32739285714286837
2025,RUS,C3,3,0.09378571428572968
2025,RUS,C3,3,-0.07782142857141139
2025,RUS,C3,3,-0.33042857142855553
2025,RUS,C3,3,-0.5050357142856967
2025,RUS,C3,3,-0.1206428571428404
2025,RUS,C3,3,0.6127500000000197
2025,SAI,C3,1,27.917344947735216
2025,SAI,C3,1,-2.909305226480811
2025,SAI,C3,1,-2.2309554006968426
2025,SAI,C3,1,-1.5076055749128585
2025,SAI,C3,1,-2.4982557491288873
2025,SAI,C3,1,-2.545905923344918
2025,SAI,C3,1,-3.3285560975609485
2025,SAI,C3,1,-2.8462062717769783
2025,SAI,C3,1,-2.073856445993016
2025,SAI,C3,1,-1.1735066202090252
2025,SAI,C3,1,-0.6081567944250565
2025,SAI,C3,1,-1.322806968641089
2025,SAI,C3,1,-1.741457142857115
2025,SAI,C3,1,-3.2061073170731476
2025,SAI,C3,1,-3.397757491289184
2025,SAI,C3,1,-3.592407665505206
2025,SAI,C3,1,-3.70405783972123
2025,SAI,C3,1,-3.2337080139372603
2025,SAI,C3,1,0.6766418118467072
2025,SAI,C3,1,-0.5370083623693205
2025,SAI,C3,1,-0.0566585365853598
2025,SAI,C3,1,0.17469128919863408
2025,SAI,C3,1,-0.1269588850174017
2025,SAI,C3,1,1.6063909407665733
2025,SAI,C3,1,-1.558259233449462
2025,SAI,C3,1,1.421090592334508
2025,SAI,C3,1,2.4474404181184894
2025,SAI,C3,1,0.9917902439024573
2025,SAI,C3,1,1.4381400696864262
2025,SAI,C3,1,1.9544898954704024
2025,SAI,C3,1,1.1318397212543658
2025,SAI,C3,1,1.107189547038331
2025,SAI,C3,1,1.6025393728223207
2025,SAI,C3,1,1.9738891986062868
2025,SAI,C3,1,0.010239024390259033
2025,SAI,C3,1,0.09658885017422847
2025,SAI,C3,1,-0.5260613240418053
2025,SAI,C3,1,-0.1457114982578389
2025,SAI,C3,1,0.12163832752614212
2025,SAI,C3,1,0.28098815331011906
2025,SAI,C3,1,-0.08166202090590957
2025,SAI,C4,3,-1.2161106719367467
2025,SAI,C4,3,-1.9642732919254513
2025,SAI,C4,3,-1.4814359119141614
2025,SAI,C4,3,-0.23659853190287095
2025,SAI,C4,3,1.5582388481084166
2025,SAI,C4,3,0.3520762281197136
2025,SAI,C4,3,0.33591360813100835
2025,SAI,C4,3,0.758750988142296
2025,SAI,C4,3,1.687588368153584
2025,SAI,C4,3,4.084425748164875
2025,SAI,C4,3,0.08726312817616133
2025,SAI,C4,3,-1.7478994918125466
2025,SAI,C4,3,1.043937888198755
2025,SAI,C4,3,-1.9142247317899574
2025,SAI,C4,3,0.9286126482213319
2025,SAI,C4,3,-1.4325499717673722
2025,SAI,C4,3,0.6822874082439228
2025,SAI,C4,3,0.11112478825521066
2025,SAI,C4,3,0.9019621682665075
2025,SAI,C4,3,-1.2782004517221992
2025,SAI,C4,3,-0.9793630717109068
2025,SAI,C4,3,-0.2815256916996134
2025,STR,C3,1,-0.45291111111107796
2025,STR,C3,1,-0.265961111111082
2025,STR,C3,1,0.7899888888889137
2025,STR,C3,1,1.4229388888889076
2025,STR,C3,1,-0.5091111111110962
2025,STR,C3,1,-0.5211611111110841
2025,STR,C3,1,-1.2702111111110952
2025,STR,C3,1,-0.22926111111110004
2025,STR,C3,1,1.0356888888888989
2025,STR,C3,2,-1.1525004830917425
2025,STR,C3,2,-1.3400848045673683
2025,STR,C3,2,-0.9056691260429943
2025,STR,C3,2,-1.1792534475186187
2025,STR,C3,2,-1.3128377689942567
2025,STR,C3,2,-0.8894220904698784
2025,STR,C3,2,-0.7300064119454959
2025,STR,C3,2,0.890409266578871
2025,STR,C3,2,-1.023175054896754
2025,STR,C3,2,-0.8177593763723792
2025,STR,C3,2,1.9896563021519995
2025,STR,C3,2,2.077071980676365
2025,STR,C3,2,1.512487659200744
2025,STR,C3,2,2.249903337725115
2025,STR,C3,2,-0.057680983750501014
2025,STR,C3,2,1.8717346947738633
2025,STR,C3,2,-0.14984962670176571
2025,STR,C3,2,0.5055660518226119
2025,STR,C3,2,0.49998173034698823
2025,STR,C3,2,-0.23360259112864412
2025,STR,C3,2,0.2798130873957376
2025,STR,C3,2,0.22022876592009766
2025,STR,C3,2,0.09664444444447895
2025,STR,C3,2,-1.2809398770311446
2025,STR,C3,2,-0.9215241985067735
2025,STR,C3,2,-0.10810851998240878
2025,STR,C3,2,0.2823071585419825
2025,STR,C3,2,0.2177228370663471
2025,STR,C3,2,1.5421385155907217
2025,STR,C3,2,-0.2634458058849134
2025,STR,C3,2,-0.6700301273605191
2025,STR,C3,2,0.04038555116385112
2025,STR,C3,2,1.288801229688218
2025,STR,C3,2,3.2152169082125823
2025,STR,C3,2,-0.11636741326303479
2025,STR,C3,2,0.674048265261348
2025,STR,C3,2,-0.3535360562142813
2025,STR,C3,2,-0.833120377689923
2025,STR,C3,2,-0.7437046991655336
2025,STR,C3,2,-1.1612890206411635
2025,STR,C3,2,-0.13387334211678592
2025,STR,C3,2,-0.7764576635924243
2025,STR,C3,2,-0.6450419850680333
2025,STR,C3,2,-1.1536263065436714
2025,STR,C3,2,-0.5012106280192938
2025,STR,C4,3,0.04404545454545428
2025,STR,C4,3,-0.20000000000000284
2025,STR,C4,3,0.013954545454538447
2025,STR,C4,3,-0.30009090909091185
2025,STR,C4,3,0.4328636363636349
2025,STR,C4,3,0.5378181818181815
2025,STR,C4,3,-0.0912272727272807
2025,STR,C4,3,-0.5352727272727407
2025,STR,C4,3,0.3386818181818114
2025,STR,C4,3,-0.64436363636365
2025,STR,C4,3,0.40359090909088025
2025,TSU,C3,2,-1.1668223776224096
2025,TSU,C3,2,-1.5161519667832408
2025,TSU,C3,2,-0.6074815559440907
2025,TSU,C3,2,3.6191888548950715
2025,TSU,C3,2,-0.062140734265767605
2025,TSU,C3,2,-0.36547032342660657
2025,TSU,C3,2,-0.858799912587429
2025,TSU,C3,2,-0.5151295017482767
2025,TSU,C3,2,0.875540909090887
2025,TSU,C3,2,1.545211319930047
2025,TSU,C3,2,0.10488173076920759
2025,TSU,C3,2,0.2815521416083584
2025,TSU,C3,2,-0.5417774475524766
2025,TSU,C3,2,-1.5201070367133127
2025,TSU,C3,2,-1.9774366258741622
2025,TSU,C3,2,-2.4067662150349918
2025,TSU,C3,2,-2.2810958041958287
2025,TSU,C3,2,-0.8614253933566687
2025,TSU,C3,2,0.2882450174824953
2025,TSU,C3,2,0.35591542832165146
2025,TSU,C3,2,0.6095858391608147
2025,TSU,C3,2,0.16925624999997524
2025,TSU,C3,2,1.0539266608391387
2025,TSU,C3,2,1.0095970716782858
2025,TSU,C3,2,1.905267482517445
2025,TSU,C3,2,-0.9780621066433923
2025,TSU,C3,2,-0.3573916958042247
2025,TSU,C3,2,1.3212787150349499
2025,TSU,C3,2,0.02994912587409715
2025,TSU,C3,2,0.05061953671327046
2025,TSU,C3,2,-0.6817100524475705
2025,TSU,C3,2,0.06196035839158753
2025,TSU,C3,2,0.1286307692307389
2025,TSU,C3,2,-0.47969881993009267
2025,TSU,C3,2,-1.427028409090937
2025,TSU,C3,2,-0.636357998251782
2025,TSU,C3,2,0.17331241258737862
2025,TSU,C3,2,0.6449828234265595
2025,TSU,C3,2,0.6576532342657089
2025,TSU,C3,2,1.6473236451048763
2025,TSU,C3,2,0.4559940559440321
2025,TSU,C3,2,-0.4923355332168029
2025,TSU,C3,2,0.7473348776223503
2025,TSU,C3,2,1.8420052884615075
2025,TSU,C3,2,3.4986756993006765
2025,TSU,C3,2,1.0353461101398267
2025,TSU,C3,2,1.2390165209789927
2025,TSU,C3,2,0.516686931818171
2025,TSU,C3,2,0.1463573426573248
2025,TSU,C3,2,0.268027753496483
2025,TSU,C3,2,0.05669816433564279
2025,TSU,C3,2,0.864368575174808
2025,TSU,C3,2,0.6790389860139641
2025,TSU,C3,2,0.4487093968531184
2025,TSU,C3,2,0.3643798076922877
2025,TSU,C3,2,0.8900502185314423
2025,TSU,C3,2,0.5117206293706005
2025,TSU,C3,2,-0.3566089597902362
2025,TSU,C3,2,-0.3249385489510672
2025,TSU,C3,2,-1.933268138111913
2025,TSU,C3,2,-1.9035977272727536
2025,TSU,C3,2,0.49507268356640566
2025,TSU,C3,2,-1.758256905594422
2025,TSU,C3,2,-2.1645864947552695
2025,TSU,C3,2,-2.418916083916116
2025,VER,C3,1,22.521380952380966
2025,VER,C3,1,-2.4132190476190374
2025,VER,C3,1,-2.6188190476190414
2025,VER,C3,1,-3.078419047619036
2025,VER,C3,1,-3.7490190476190293
2025,VER,C3,1,-2.7516190476190303
2025,VER,C3,1,-3.174219047619033
2025,VER,C3,1,-2.902819047619033
2025,VER,C3,1,-2.7494190476190425
2025,VER,C3,1,-3.1540190476190446
2025,VER,C3,1,-2.831619047619043
2025,VER,C3,1,-2.3442190476190348
2025,VER,C3,1,-1.3828190476190372
2025,VER,C3,1,-0.9794190476190323
2025,VER,C3,1,-0.38101904761903427
2025,VER,C3,1,0.24538095238095536
2025,VER,C3,1,0.7917809523809609
2025,VER,C3,1,1.3021809523809509
2025,VER,C3,1,1.8795809523809481
2025,VER,C3,1,3.5759809523809594
2025,VER,C3,1,4.194380952380953
2025,VER,C4,2,0.33157446808507984
2025,VER,C4,2,0.3646706753006157
2025,VER,C4,2,0.6297668825161651
2025,VER,C4,2,1.392863089731705
2025,VER,C4,2,0.9539592969472466
2025,VER,C4,2,0.45805550416278606
2025,VER,C4,2,0.07815171137832522
2025,VER,C4,2,0.10124791859387017
2025,VER,C4,2,-0.27265587419057624
2025,VER,C4,2,-0.190559666975048
2025,VER,C4,2,-0.5804634597594998
2025,VER,C4,2,-0.6373672525439673
2025,VER,C4,2,-0.5972710453284265
2025,VER,C4,2,-0.5121748381128839
2025,VER,C4,2,-0.7250786308973431
2025,VER,C4,2,-0.9009824236817963
2025,VER,C4,2,-0.2598862164662563
2025,VER,C4,2,-0.32379000925072887
2025,VER,C4,2,-0.6706938020351743
2025,VER,C4,2,-0.9735975948196369
2025,VER,C4,2,-0.8345013876040923
2025,VER,C4,2,-0.12140518038854964
2025,VER,C4,2,1.0156910268269854
2025,VER,C4,2,2.208787234042532
2025,VER,C4,2,0.5078834412580733
2025,VER,C4,2,0.2299796484736163
2025,VER,C4,2,-0.0859241443108516
2025,VER,C4,2,-0.023827937095290963
2025,VER,C4,2,-0.2207317298797591
2025,VER,C4,2,-0.1436355226642263
2025,VER,C4,2,-0.4315393154486884
2025,VER,C4,2,-0.48144310823315095
2025,VER,C4,2,-0.4413469010175959
2025,VER,C4,2,-0.5092506938020591
2025,VER,C4,2,-0.38315448658651974
2025,VER,C4,2,-0.5270582793709764
2025,VER,C4,2,-0.4609620721554393
2025,VER,C4,2,-0.1498658649398834
2025,VER,C4,2,0.5462303422756491
2025,VER,C4,2,0.31032654949119376
2025,VER,C4,2,0.03342275670672734
2025,VER,C4,2,0.253518963922275
2025,VER,C4,2,0.24161517113782338
2025,VER,C4,2,0.36471137835336265
2025,VER,C4,2,0.4668075855689011
2025,VER,C4,2,0.4359037927844298
2025,VER,C4,2,0.5339999999999776
